DESCRIPTION,CATEGORY,U/PRICE
"OIL SEAL FW MAXI = SORENTO, NAZA RIA RW (OUTER)",Seals & Gaskets,10.00
OIL SEAL FW YU41,Seals & Gaskets,15.00
LOWER ARM BUSH FRT MAXI,Suspension & Mountings,35.00
UPPER ARM BUSH MAXI (B),Suspension & Mountings,22.00
UPPER ARM BUSH FRT MAXI (S),Suspension & Mountings,20.00
FAN BELT 13X890,Belts & Timing,16.00
DRAG LINK YU41,Uncategorized,160.00
OIL SEAL PINION LN106,Seals & Gaskets,18.00
"WATER PUMP VIOS NCP42, NCP93, NCP150 1NZ",Cooling System,70.00
"ATF OIL HONDA ATF DW-1 1 LITRE *SWA, TMO, SNA, SNL, S5A, TAO,TRO,TOA",Engine Oils & Fluids,32.00
OIL SEAL G.BOX KBR (RR),Seals & Gaskets,15.00
"AIR FILTER KBR 1.3, AVANZA 1.3",Filters,15.00
"BY PASS JOINT AVANZA, KBR DVVT (IRON)",Suspension & Mountings,30.00
BRAKE FLUID DOT 4 (BIG),Engine Oils & Fluids,15.00
WASHER 16MM (ALM),Miscellaneous,1.00
GEAR OIL HONCHI EP90 1 LITRE,Engine Oils & Fluids,15.00
FAN BELT 9.5X715,Belts & Timing,11.00
"MAIN FUSE 30A (HONDA,WAJA)",Uncategorized,6.00
GUM W/S SEALANT,Seals & Gaskets,25.00
ABS MTG FRT ALZA,Brake Components,45.00
ATF OIL HONCHI DEXTRON III 1 LITRE,Engine Oils & Fluids,15.00
ENG OIL CASTROL GTX 20W50 4 LITRES,Engine Oils & Fluids,65.00
ENG OIL LUBRIMAXX PERFORMAX 15W40 CH4/SL 7 LITRES,Engine Oils & Fluids,110.00
"STG RACK BUSH RH P/SG, WIRA, WAJA",Suspension & Mountings,6.00
"STG RACK BUSH LH WIRA, WAJA",Suspension & Mountings,6.00
SILICONE HI-TEMP GREY,Uncategorized,14.00
STICKER PVC,Exterior & Accessories,2.00
"THERMOSTAT GEN 2, PERSONA, NEO, EXORA, BLM",Cooling System,40.00
ENG OIL PERODUA 10W30 3 LITRES,Engine Oils & Fluids,65.00
ENG OIL LUBRIMAXX MULTIVALVE 15W40 SL/CF 4 LITRES,Engine Oils & Fluids,75.00
OIL FILTER KANCIL,Filters,6.00
OIL FILTER WIRA,Filters,6.00
FAN BELT KANCIL ALT 9.5X775,Belts & Timing,10.00
"OIL SEAL FLY KANCIL, KLS, KNR, VIVA 850, MYVI 1.0 (VITON)",Seals & Gaskets,22.00
"OIL SEAL ATM KANCIL, KLS, KNR, VIVA 850, MYVI 1.3, LB 1.3, AVANZA 1.3, KEMBARA",Seals & Gaskets,17.00
"D/S BOOT KLS, KNR, VIVA, TMO, AXIA, BEZZA 1.0 (IN)",Uncategorized,15.00
"AUTO FILTER SET KANCIL, KLS, KNR, VIVA",Uncategorized,20.00
"WIPER BLADE ALTIS, X-TRAIL, ALZA, EXORA, PREVE, RANGER T6",Exterior & Accessories,25.00
"DISC PAD FRT VIVA, JUARA, MIT MIRAGE 15`",Brake Components,45.00
"OIL SEAL GEAR LEVEL SO4 (ATM), MYVI (ATM)",Seals & Gaskets,8.00
GEAR OIL HONCHI EP140 1L,Engine Oils & Fluids,14.00
"BEARING RW NPR 3.9, HICOM 4.3",Uncategorized,80.00
"OIL SEAL KIT RW NPR 3.9, HICOM 4.3 (49X100X8 & 80X113X12/22)",Seals & Gaskets,20.00
"COOLANT LEXUS, TOYOTA 1 LITRE",Engine Oils & Fluids,25.00
WATER HOSE TOP VIVA,Miscellaneous,15.00
WATER HOSE LOW VIVA,Miscellaneous,20.00
FENDER PRO F/RH VIVA ELITE 09`,Uncategorized,38.00
"FAN BLADE KANCIL, MYVI (5X12``)",Exterior & Accessories,28.00
"FAN GUARD MYVI 1.0 1.3, VIVA",Uncategorized,38.00
"SPARK PLUG AXIA 1.0, BEZZA 1.0 (LKR6C)",Ignition Components,34.00
"THERMO SWITCH AE101, LH113, RANGER",Electrical Components,40.00
FAN BELT,Belts & Timing,25.00
FAN BELT HINO 13X965,Belts & Timing,17.00
RADIATOR CAP 0.9 (BIG VALVE),Cooling System,17.00
GUM GSK SILICONE (GREY),Uncategorized,25.00
WATER PUMP HOSE AVANZA F601,Cooling System,10.00
ABS F/LH VIVA (GAS),Brake Components,130.00
BEARING RW VIVA (ABS),Brake Components,135.00
FAN BELT 13X1370,Belts & Timing,25.00
FAN BELT 17X1015,Belts & Timing,25.00
OIL SEAL TIMING NHR 4JB1 (RH),Seals & Gaskets,30.00
ENG OIL CASTROL GTX MODERN 15W40 4 LITRES,Engine Oils & Fluids,98.00
"FAN BELT GEN 2, BLM, PERSONA, EXORA",Belts & Timing,40.00
AIR HOSE HICOM,Miscellaneous,125.00
"FUEL FILTER KUN25, TRITON, D-MAX 12`-15`",Filters,58.00
FUEL FILTER D-MAX RT50 13` (PAPER),Filters,45.00
"DOOR INNER HANDLE LH YH80, LH80, V57, KM36, LN106, LY100",Exterior & Accessories,16.00
"DOOR INNER HANDLE RH YH80, LH80, V57, KM36, LN106, LY100",Exterior & Accessories,16.00
DOOR OUTER HANDLE LH V57,Exterior & Accessories,16.00
DOOR OUTER HANDLE RH V57,Exterior & Accessories,16.00
SPRING BUSH KUN25 (NYLON) SMALL,Suspension & Mountings,7.00
"BALL JOINT LOW KUN25, INNOVA, GUN125",Suspension & Mountings,68.00
"RACK END KUN25, INNOVA",Uncategorized,70.00
RIBBON SEALER 3/8 ``,Seals & Gaskets,16.00
REFLECTOR RED & YELLOW 50MM X 300MM (DIAMOND) W/SIRIM,Uncategorized,12.00
BRAKE SHOE RR VIVA,Brake Components,57.00
CARB FIBRE P/SG 12V,Uncategorized,24.00
"BEARING CLUTCH KLS, KNR, MYVI 1.3, LB 1.5",Uncategorized,50.00
ABS BUSH 779 (NYLON),Brake Components,2.00
ABS BUSH GR1 (NYLON),Brake Components,2.00
AIR FILTER NAVARA D40T,Filters,30.00
"OIL SEAL FLY P/SG, WIRA, GEN 2, WAJA, PSN, NEO (VITON)",Seals & Gaskets,28.00
BULB 67 12V,Exterior & Accessories,2.00
BEARING GREASE 0.5KG,Miscellaneous,11.00
BEARING FW KANCIL,Uncategorized,17.00
BEARING RW KANCIL = FLY TRITON,Uncategorized,12.00
BEARING RW KANCIL (INNER),Uncategorized,17.00
OIL SEAL KIT FW KANCIL (44X63X7/9.5 & 44X63X13/13.5),Seals & Gaskets,10.00
"AIR FILTER EXORA BOLD, PREVE, SUPRIMA",Filters,42.00
STG RACK BUSH LH MAXI,Suspension & Mountings,15.00
STG RACK BUSH RH MAXI,Suspension & Mountings,15.00
STAB BUSH FRT MAXI (D) 22MM,Suspension & Mountings,6.00
WIPER TANK HOSE VIVA (TOP),Exterior & Accessories,16.00
"DISC PAD FRT BLM, SAVVY, SAGA 16`, AVEO",Brake Components,60.00
FUEL HOSE 8MM,Miscellaneous,6.00
ENG OIL FUKUOKA SAE40 1 LITRE (H7),Engine Oils & Fluids,11.00
"CLIP BONNET STAND WIRA, BLM, EXORA",Miscellaneous,3.00
"WIPER BLADE WIRA, KNR 20``/17``",Exterior & Accessories,20.00
GEAR BUSH,Suspension & Mountings,2.00
NANO RAIN PROMAX 60ML,Uncategorized,0.00
BULB 1016 12V,Exterior & Accessories,1.00
ENG OIL LUBRIMAXX TROPHY 20W50 SH/CD 4 LITRES,Engine Oils & Fluids,50.00
"OIL SUMP MYVI, ALZA (S)",Uncategorized,35.00
ENG MTG SET MYVI (ATM),Uncategorized,240.00
TOP SET GSK SPORTAGE (OLD),Uncategorized,180.00
"HEAD GSK ALZA, AVANZA 1.3 1.5 3SZ, MYVI 1.3 1.5 (CARBON)",Uncategorized,45.00
"OIL LEVEL MYVI 1.5, ALZA 1.5",Uncategorized,26.00
"ATF OIL NISSAN MATIC S 1 LITRE ALMERA , NAVARA NP300 D23T",Engine Oils & Fluids,35.00
FAN BELT ALMERA N17L (7PK1125),Belts & Timing,76.00
THERMOSTAT HOUSING WIRA VDO (LOW),Cooling System,55.00
OIL SEAL MAIN AVANZA,Seals & Gaskets,18.00
OIL FILTER HICOM 4.3,Filters,75.00
COUPLING MAXI (26.5X71) UJ-417,Uncategorized,45.00
"COUPLING RANGER, LAND ROVER (27X81.7)",Uncategorized,35.00
"KING PIN KIT NPR , HICOM IMP (16MM BRG)",Uncategorized,165.00
TIE ROD END HICOM 4.3,Suspension & Mountings,150.00
LEAF SPRING,Suspension & Mountings,95.00
BRAKE SHOE NHR F=R,Brake Components,90.00
"CLIP THERMOSTAT GEN 2, BLM, NEO",Cooling System,5.00
"FUEL FILTER WAJA 1.6, GEN 2, BLM, SAVVY",Filters,16.00
"FAN BELT PREVE, BLM FLX, EXORA BOLT, SUPRIMA, IRIZ",Belts & Timing,55.00
"COIL RUBBER BLM, FLX, PSN, PREVE (W/RESISTANCE)",Miscellaneous,25.00
"VALVE COVER GSK BLM, FLX, PSN, EXR BOLD, PREVE, IRIZ",Seals & Gaskets,55.00
TIMING KIT SET P/SG 12V,Uncategorized,85.00
"ATF OIL PERODUA D3-SP 1 LITRE (MYVI, ALZA, BEZZA, AXIA)",Engine Oils & Fluids,40.00
"AUTO FILTER SET MYVI LB 1.5, MYVI D20N, ALZA 14`, AXIA, BEZZA, ARUZ (35303-BZ010)",Uncategorized,45.00
"ARM RR WAJA, GEN 2, PSN L=R (LONG)",Suspension & Mountings,45.00
"KING PIN KIT NPR, HICOM 4.3, NKR (14MM)",Uncategorized,150.00
OIL FILTER YU41 T5 (BY PASS),Filters,32.00
BEARING RW P/SG,Uncategorized,22.00
OIL SEAL RW P/SG,Seals & Gaskets,3.00
ABS MTG BUSH FRT P/SG (M),Brake Components,7.00
BULB H4 12V 60/55W,Exterior & Accessories,12.00
MUDFLAP 12`` X 16``,Exterior & Accessories,22.00
"THERMOSTAT PDN V6, WIRA 1.6, WAJA 1.6",Cooling System,50.00
THROTTLE BODY HOSE PERDANA V6,Miscellaneous,12.00
BY PASS HOSE PDN V6,Miscellaneous,23.00
ENG OIL CASTROL MAGNETEC 10W40 4 LITRES,Engine Oils & Fluids,150.00
DIST O RING KANCIL (VITON),Uncategorized,6.00
BY PASS HOSE P/SG (U),Miscellaneous,8.00
ENG MTG SET KANCIL (AT/MT) *1 YEAR WARRANTY,Uncategorized,170.00
OIL SEAL CAM KANCIL,Seals & Gaskets,15.00
STOPPER 8MM,Uncategorized,1.00
STOPPER 15MM,Uncategorized,2.00
STOPPER 11MM,Uncategorized,1.00
LOWER ARM LH P/SG (W/BUSH),Suspension & Mountings,65.00
LOWER ARM RH P/SG (W/BUSH),Suspension & Mountings,65.00
BY PASS HOSE P/SG 12V (S),Miscellaneous,6.00
"WATER PUMP PIPE P/SG 12V, ISWARA",Cooling System,25.00
"DISC PAD FRT P/SG 12V, ISWARA, WIRA 1.5",Brake Components,38.00
ENG OIL SYNTIUM 800 10W40 4 LITRES (SEMI SYNTHTIC),Engine Oils & Fluids,130.00
"SPARK PLUG GEN 2, PERSONA, BLM, FLX, EXORA (G-POWER)",Ignition Components,80.00
2 TON GUM PROXY 5 MINUTES,Miscellaneous,9.00
ENG ROD RR SATRIA NEO,Uncategorized,55.00
LOWER ARM RH ALZA (6 MONTHS WARRANTY),Suspension & Mountings,100.00
STAB BUSH FRT ALZA (25MM),Suspension & Mountings,10.00
"STG RACK BUSH LH MYVI, ALZA, VIVA (BIG)",Suspension & Mountings,12.00
SPRING BUSH RR UNSER,Suspension & Mountings,4.00
"ABS FRT UNSER, KM36 (GAS)",Brake Components,75.00
WATER JACKET 45MM (STEEL) 100% 3L,Uncategorized,7.00
WATER JACKET 50MM,Uncategorized,3.00
WATER HOSE CTR LH80,Miscellaneous,15.00
"GEAR LEVEL CABLE BUSH MYVI, ALZA, TYT, RANGER T6",Suspension & Mountings,5.00
ABS LINK FRT ALZA,Brake Components,38.00
"ABS MTG FRT KANCIL, KLS, KNR, MYVI, LB, ICON, VIVA, AXIA",Brake Components,26.00
"ABS COVER FRT MYVI, ALZA, VIVA, AXIA",Brake Components,13.00
"VALVE COVER GSK KLS, KNR",Seals & Gaskets,10.00
MAIN FUSE 20A (WIRA),Uncategorized,8.00
"OIL NUT KANCIL, SJ410",Miscellaneous,3.00
WASHER 12MM (ALM),Miscellaneous,1.00
"BEARING FW KLS, KNR, VIVA, MYVI",Uncategorized,55.00
"SPARK PLUG WIRA 1.5 FEI, C22",Ignition Components,26.00
STARTER BLM (ATM) (HIGHT SPEED),Uncategorized,150.00
"DISC PAD RR SWA, TOA, T2A",Brake Components,115.00
OIL FILTER HONDA,Filters,28.00
ENG OIL HONDA 5W30 SP 4 LITRES (SEMI-SYNTHETIC),Engine Oils & Fluids,140.00
"WATER PUMP PJR V34 V44, STORM, LORIMAS, TRITON (2WD)",Cooling System,140.00
"PLUG CABLE CITRA 2.0, MATRIX 1.8, ELANTRA 1.8, CARENS II 2.0",Ignition Components,55.00
D/S BOOT MATRIX (IN),Uncategorized,16.00
WIPER BLADE 14`` AXIA,Exterior & Accessories,12.00
"STG RACK BUSH RH KLS, KNR",Suspension & Mountings,7.00
"BEARING CLUTCH P/SG, WIRA",Uncategorized,45.00
COCK T3000 11/16'',Seals & Gaskets,12.00
ENG OIL PERODUA 5W30 4 LITRES (SEMI-SYNTHETIC),Engine Oils & Fluids,120.00
BY PASS HOSE WIRA 1.6,Miscellaneous,15.00
THROTTLE BODY HOSE WIRA 1.6,Miscellaneous,6.00
THROTTLE BODY HOSE WIRA 1.5,Miscellaneous,6.00
WHEEL NUT 1.5M X 21MM (CHROME) LONG,Miscellaneous,5.00
CLIP D/S BOOT (B),Miscellaneous,2.00
CLIP D/S BOOT (S),Miscellaneous,1.00
PLUG CABLE WIRA 1.6,Ignition Components,55.00
PISTON RING P/SG 12V 1.3 STD (71MM),Uncategorized,65.00
OIL SEAL FLY HICOM 4.3 4HF1 (104X139X13),Seals & Gaskets,175.00
"H/B SHOE NPR, HICOM 4.3 MTB170",Uncategorized,45.00
"LONGSHAFT MTG CANTER FB300, FE639 (35MM)",Suspension & Mountings,85.00
ENG MTG FRT WIRA (MTM),Uncategorized,28.00
"D/S BOOT WIRA, WAJA (OUT)",Uncategorized,15.00
ENG MTG FR CABSTAR F22,Brake Components,25.00
AIR FILTER PJR P,Filters,25.00
LONGSHAFT MTG KEMBARA J100,Suspension & Mountings,70.00
DRIVE SHAFT JOINT GREASE,Suspension & Mountings,10.00
ALT PIPE PJR V6,Miscellaneous,25.00
BULB H11 12V 55W,Exterior & Accessories,20.00
ENG OIL TREATMENT LUBRIMAXX 350ML,Engine Oils & Fluids,15.00
PETROL INJECTOR CLEANER LUBRIMAXX 350ML,Uncategorized,18.00
ANTI-RUST SPRAY,Miscellaneous,13.00
BULB 4090 12V 5W,Exterior & Accessories,1.00
ATF OIL PERODUA DEXRON-III 1 LITRE,Engine Oils & Fluids,25.00
BRAKE PUMP RR KANCIL 9/16``,Brake Components,16.00
CLUTCH PUMP TOP WIRA 5/8``,Uncategorized,63.00
"VALVE COVER HOSE GEN 2, BLM, WAJA CAMPRO (SHORT)",Seals & Gaskets,15.00
"TIMING KIT SET GEN 2, PSN, BLM, EXORA, NEO, WAJA CAMPRO",Uncategorized,135.00
"WATER PUMP GEN 2, BLM, FLX,  PERSONA, NEO, EXORA, PREVE, SAGA VVT, IRIZ",Cooling System,60.00
"PLUG CABLE EXORA CPS, EXORA BOLD, PREVE, BLM FLX, PSN CPS (LONG) = GEN 2, WAJA CAMPRO, PSN, BLM",Ignition Components,55.00
TTB PIPE SEL,Miscellaneous,70.00
BREATHER RUB SEL,Uncategorized,18.00
LABOUR CHARGE,Uncategorized,50.00
"ATF OIL LUBRIMAXX D-III 4 LITRES (PROTON, PERODUA, HYUNDAI, KIA)",Engine Oils & Fluids,70.00
ENG MTG LH WIRA 1.5,Uncategorized,45.00
BRAKE PIPE 3/16 X 32``,Brake Components,16.00
PLUG CABLE KANCIL,Ignition Components,28.00
FAN BELT 9.5 X 675 KANCIL A/C,Belts & Timing,10.00
AIR FILTER KANCIL,Filters,10.00
"COIL SPRING RUBBER MYVI, KLS, KNR, ALZA RR (TOP)",Suspension & Mountings,10.00
"AIR FILTER MYVI 1.0, VIVA 1.0",Filters,15.00
H/B ADJ KIT CANTER FE639,Uncategorized,70.00
CANTER 639 H/B CABLE TSK,Uncategorized,120.00
"RADIATOR CAP 1.1 (BIG VALVE) SM4, MYVI",Cooling System,17.00
"ABS RR C20, C22, SJ410, T3000, NHR, HICOM 2.8, KIA CERES (OIL)",Brake Components,55.00
DISC PAD FRT KANCIL,Brake Components,30.00
TIMING COVER BUSH KANCIL (SET) SILICON,Suspension & Mountings,25.00
"FUEL FILTER NAVARA D40T, E25",Filters,75.00
STOPPER 18MM,Uncategorized,3.00
DISC PAD FRT CABSTAR TD27,Brake Components,75.00
"DISC PUMP SEAL FRT CABSTAR TD27, SAFARI",Brake Components,28.00
BRAKE SHOE RR CABSTAR TD27,Brake Components,120.00
BRAKE PUMP RR CABSTAR TD27 3/4``,Brake Components,35.00
FAN BELT 9.5X890,Belts & Timing,13.00
SIDE MIRROR LH V57,Exterior & Accessories,24.00
"OIL SEAL FW V57, V99",Seals & Gaskets,13.00
BALL JOINT LOW RANGER WL,Suspension & Mountings,75.00
TIE ROD END RANGER (OUT),Suspension & Mountings,90.00
TIE ROD END RANGER (IN),Suspension & Mountings,110.00
BEARING FW RANGER 08` ABS,Brake Components,220.00
"LOWER ARM BUSH FRT RANGER WL, BT50 (S)",Suspension & Mountings,18.00
LOWER ARM BUSH FRT RANGER WL (B),Suspension & Mountings,30.00
"OIL SEAL PINION E1400, D/S SPORTAGE",Seals & Gaskets,11.00
OIL SEAL D/S RANGER WL,Seals & Gaskets,30.00
WIPER BLADE 18``,Exterior & Accessories,12.00
UPPER ARM RH RANGER WL,Suspension & Mountings,165.00
FAN SWITCH KANCIL,Cooling System,28.00
"OIL FILTER TOYOTA, SWIFT",Filters,9.00
"DISC PAD FRT LATIO, LIVINA, ALMERA",Brake Components,83.00
"DISC PAD PIN FRT N16 1.6, LATIO, LIVINA, ALMERA, CITRA, SWIFT RS415 (8MM) SILICON",Brake Components,65.00
"ABS LINK F/LH IRIZ, PERSONA 16`",Brake Components,25.00
"BEARING FW V57, V99, NHR (OUT)",Uncategorized,38.00
BRAKE SHOE LOCK SPRING 50MM,Brake Components,5.00
BRAKE PUMP R/RH NHR 7/8`` (NO ADJ),Brake Components,45.00
BRAKE PUMP R/LH NHR 7/8`` (NO ADJ),Brake Components,45.00
BRAKE PUMP F/RH NHR 1 1/8`` (ADJ),Brake Components,45.00
BRAKE PUMP F/LH NHR 1 1/8`` (ADJ),Brake Components,45.00
ENG OIL TOYOTA 15W40 CI-4 5L,Engine Oils & Fluids,98.00
"OIL FILTER CAMRY, KUN25, MCU10, MAZDA 3, INNOVA",Filters,20.00
"FUEL FILTER KUN25, TRITON, D-MAX 2.5 12`-15`",Filters,75.00
TAIL LAMP GARNISH LH WIRA (BODY),Exterior & Accessories,10.00
DOOR BUSH (COPPER) THICK,Suspension & Mountings,1.50
DOOR PIN 3 5/8``,Exterior & Accessories,2.00
"OIL FILTER CAMRY, KUN25, MCR30, MCU30",Filters,20.00
FAN BELT P/SG (ALT),Belts & Timing,14.00
OIL SEAL FW RANGER 08` (ABS),Brake Components,16.00
CABSTAR WATER PUMP,Brake Components,100.00
VALVE COVER BUSH HICOM 4.3 4HF1,Suspension & Mountings,6.00
"D/S BOOT TX5, PDN V6, RANGER, HARRIER ACR30, D-MAX (OUT)",Uncategorized,18.00
UPPER ARM LH RANGER WL,Suspension & Mountings,165.00
FAN BELT 13X1525 ( NPR PRO ),Belts & Timing,25.00
"FAN BELT 3L (ALT), HICOM 4.3 13X990",Belts & Timing,17.00
"AIR FILTER KUN25, INNOVA, RANGER 08`",Filters,38.00
HALF MOON SEAL HICOM 4.3,Seals & Gaskets,8.00
"SPRING BUSH NPR,HICOM 4.3 (LONG) 16MM",Suspension & Mountings,75.00
STG BOOT B13,Uncategorized,10.00
"UPPER ARM FRT SPORTAGE, PREGIO",Suspension & Mountings,150.00
"BEARING FW LN106, LN65, PJR, SPORTAGE, RANGER, KIA CERES",Uncategorized,38.00
"BEARING FW LASER, SPORTAGE, RANGER",Uncategorized,27.00
AXLE NUT FRT RANGER,Suspension & Mountings,20.00
AXLE WASHER FRT RANGER,Suspension & Mountings,10.00
"TIE ROD END C20, C22 (OUT)",Suspension & Mountings,40.00
IDLER ARM C22 (LH),Suspension & Mountings,65.00
CENTER ROD C22,Suspension & Mountings,125.00
DOOR OUTER HANDLE RH P/SG 12V,Exterior & Accessories,12.00
ABS BUSH,Brake Components,2.00
"BMC KEMBARA, KBR DVVT 7/8``",Uncategorized,175.00
FAN BELT TENSIONER BLM FLX (W/BOLT),Belts & Timing,100.00
"CABIN FILTER ALZA, MYVI LB 1.5, AXIA, BEZZA, ARUZ, AVANZA F651",Filters,15.00
"OIL FILTER AXIA, BEZZA, ARUZ, MYVI D20N",Filters,6.00
LOWER ARM BUSH FRT KUN25 (S),Suspension & Mountings,45.00
"OIL SEAL PINION LN166, KDH200, KUN25, KUN26",Seals & Gaskets,26.00
"OIL SEAL D/S KUN25, PRADO KZJ95 LH",Seals & Gaskets,26.00
"OIL SEAL D/S KUN25, PRADO RH",Seals & Gaskets,29.00
RADIATOR CAP 1.1 SR4 (SMALL VALVE),Cooling System,17.00
"THERMOSTAT KANCIL, ATOS 1.0",Cooling System,38.00
WIPER NOZZLE VIOS NCP42,Exterior & Accessories,14.00
"BONNET BUSH 130Y, MYVI, MYVI LB (B)",Suspension & Mountings,5.00
MUDFLAP 19`` X 22``,Exterior & Accessories,15.00
"OIL NUT P/SG, SM4, NHR, D-MAX (14MM)",Miscellaneous,3.00
WASHER 14MM (ALM),Miscellaneous,1.00
"OIL CAP O RING P/SG, WIRA (SILICONE)",Seals & Gaskets,4.00
BULB 921 925 16W 12V (KLS 3RD BRAKE LAMP),Brake Components,6.00
"TIMING BELT KUN25, KUN26 2.5 3.0 (97R25)",Belts & Timing,185.00
BEARING TIMING KUN25 1KZ 2KD,Uncategorized,105.00
HAND BRAKE SWITCH HRV OEM,Brake Components,200.00
"ABS BUSH FRT BLM, SAVVY",Brake Components,10.00
"ABS F/RH BLM FLX, SAGA VVT 16` (GAS)",Brake Components,150.00
"ABS F/LH BLM FLX, SAGA VVT 16` (GAS)",Brake Components,150.00
"BALL JOINT LOW BLM, SAVVY",Suspension & Mountings,32.00
"BEARING RW BLM, FL, AVEO, IRIZ",Uncategorized,62.00
"BRAKE SHOE RR BLM, SAVVY",Brake Components,55.00
"SPRING BUSH RR NPR, HICOM 4.3 (IRON) SHORT",Suspension & Mountings,50.00
FAN BELT 3L (P/STG) 13X785,Belts & Timing,14.00
FAN BELT 13X1120,Belts & Timing,19.00
"UPPER ARM BUSH FRT LH80, LH113, LN166, KDH200 (S)",Suspension & Mountings,22.00
"UPPER ARM BUSH FRT LH80, LH113, LN166, KDH200 (B)",Suspension & Mountings,30.00
BALL JOINT TOP LH113,Suspension & Mountings,90.00
"TIE ROD END LH80, LN166, LY100 (OUT)",Suspension & Mountings,90.00
"SUSP ROD KIT LH80, LH113, UNSER, BT50",Uncategorized,13.00
"WATER PUMP NHR, D-MAX (O) 4JA1 4JB1",Cooling System,80.00
"CLUTCH DISC KUN26, GUN125 11`",Uncategorized,460.00
FAN BELT 13X835,Belts & Timing,15.00
VALVE COVER GSK TCR11,Seals & Gaskets,38.00
DISC PAD CALIPER R/RH GEN 2,Brake Components,220.00
"PWR WINDOW GEAR F/LH P/SG, GEN 2, PERSONA",Uncategorized,40.00
"AIR FILTER T9A, BRV TSA, T5A",Filters,32.00
THROTTLE BODY CLEANER,Uncategorized,14.00
"D/S BOOT MYVI, BEZZA 1.3, SWIFT, S/Z SX4 (IN)",Uncategorized,15.00
"BRAKE PUMP RR KLS, KNR 11/16``",Brake Components,23.00
"KNOCK SENSOR KLS, KNR, VIVA, ACR30",Ignition Components,85.00
AXLE RR SAGA VVT 16`,Suspension & Mountings,550.00
CLUTCH PUMP LOW KUN25 3/4``,Uncategorized,60.00
BRAKE PUMP RR KUN25 7/8``,Brake Components,38.00
"BRAKE SHOE RR KUN25, FORTUNER (W/PLATE)",Brake Components,120.00
PWR STG FLUID HONDA 1 LITRE,Uncategorized,16.00
DISC ROTOR FRT KANCIL,Brake Components,120.00
EXH PIPE GSK V57 (50X68),Miscellaneous,6.00
"BRAKE SHOE RR KANCIL, KLS, KNR",Brake Components,49.00
"OIL SEAL KIT FW WAJA, PERDANA, EXORA",Seals & Gaskets,12.00
"WHEEL BOLT P/SG, WIRA M14X12X1.5X65L (EXTRA LONG)",Miscellaneous,6.00
"LOWER ARM LH WAJA, GEN 2, PSN",Suspension & Mountings,68.00
"LOWER ARM RH WAJA, GEN 2, PSN",Suspension & Mountings,68.00
BRAKE PUMP RR LH80 7/8``,Brake Components,30.00
OIL SEAL PINION RANGER (VITON),Seals & Gaskets,45.00
"OIL SEAL TIMING NHR 4JB1, KUN25 (RH)",Seals & Gaskets,30.00
WHEEL NUT 1.5M X 19MM (CHROME) LONG,Miscellaneous,5.00
FAN BELT 17X1250,Belts & Timing,28.00
WIPER BLADE ISWARA,Exterior & Accessories,20.00
"OIL SEAL BAL PJR, PERDANA, CLUTCH P/SG (RH LINE)",Seals & Gaskets,6.00
"OIL SEAL D/S P/SG, WIRA, PDN",Seals & Gaskets,10.00
FAN BELT 13X965,Belts & Timing,17.00
OIL SEAL MAIN NHR,Seals & Gaskets,17.00
"SUSP ROD KIT P/SG, WIRA (WHITE NYLON)",Uncategorized,8.00
LOWER ARM RH WIRA (6 MONTHS WARRANTY),Suspension & Mountings,90.00
LOWER ARM LH WIRA (6 MONTHS WARRANTY),Suspension & Mountings,90.00
D/S BOOT WIRA 1.5 (IN),Uncategorized,13.00
ABS MTG FRT WIRA *6 MONTHS WARRANTY*,Brake Components,45.00
FUEL HOSE 10MM PAJERO,Miscellaneous,3.00
FUEL HOSE 12MM PAJERO,Miscellaneous,4.00
AIR FILTER PAJERO 2.5 (TURBO),Filters,35.00
DISC PAD FRT CX5 G,Brake Components,350.00
"OIL FILTER PJR, STORM",Filters,16.00
ATF OIL MIT SP-III (MADE IN JAPAN) 4L,Engine Oils & Fluids,120.00
COOLANT NISSAN 1 LITRE (BLUE),Engine Oils & Fluids,20.00
ALT PIPE FRONTIER D22,Miscellaneous,55.00
POWER RELAY 4 PIN (SMALL),Electrical Components,10.00
WHEEL NUT 1.25MM X 21MM (L) CHROME,Miscellaneous,5.00
FUEL HOSE 10MM,Miscellaneous,3.00
"RADIATOR CAP WIRA, KANCIL (0.9) (SMALL VALVE)",Cooling System,17.00
"WIPER BLADE MYVI, AVANZA",Exterior & Accessories,18.00
"W/S MLDG FRT HICOM 4.3, NPR",Uncategorized,45.00
"SIDE MIRROR NPR, HICOM 4.3, HINO DUTRO",Exterior & Accessories,26.00
ENG MTG HICOM 2.8,Uncategorized,300.00
OIL COOLER PIPE,Miscellaneous,280.00
OIL COOLER HOSE,Miscellaneous,70.00
BY PASS HOSE,Miscellaneous,40.00
AIR HOSE,Miscellaneous,190.00
GEAR BOX MTG,Suspension & Mountings,90.00
"STG BOOT P/SG, WIRA, WAJA, VIVA (PWR)",Uncategorized,10.00
AIR COND VACCUM P/SG 12V,Uncategorized,35.00
BRAKE BOOSTER UNSER,Brake Components,170.00
BALL JOINT COVER P/SG,Suspension & Mountings,3.00
OIL SEAL FLY NHR,Seals & Gaskets,35.00
FUEL HOSE,Miscellaneous,11.00
VALVE GRINDING COMPOUND 85G,Miscellaneous,25.00
VALVE COVER GSK WAJA 1.6 4G18,Seals & Gaskets,12.00
"THERMOSTAT MYVI 1.3, LB, ALZA, KBR DVVT, AVANZA",Cooling System,40.00
WATER HOSE LOW MYVI 1.3,Miscellaneous,25.00
WATER HOSE TOP MYVI 1.3,Miscellaneous,16.00
"BY PASS HOSE MYVI 1.3, ALZA, VIVA (SHORT)",Miscellaneous,7.00
"BY PASS HOSE MYVI 1.3, ALZA (LONG)",Miscellaneous,16.00
3 WAY PIPE MYVI 1.3 (M17X28),Miscellaneous,14.00
"THROTTLE BODY SWITCH MYVI 1.3, ALZA, AVANZA (IRON)",Electrical Components,75.00
DISC PAD FRT MYVI 05`,Brake Components,50.00
DISC PAD PIN FRT MYVI (8MM) SILICONE,Brake Components,55.00
STG RACK BUSH SET MYVI ( SILICONE ) 1SET=3PCS,Suspension & Mountings,33.00
"D/S BOOT MYVI, ALZA, BLM, AXIA, BEZZA, ALMERA (OUT)",Uncategorized,14.00
"AUTO FILTER SET MYVI 1.3 05`-13`, ALZA (O)",Uncategorized,25.00
"ABS LINK F/RH MYVI, LB",Brake Components,25.00
"ABS LINK F/LH MYVI, LB",Brake Components,25.00
"LOWER ARM RH MYVI, MYVI LB (6 MONTHS WARRANTY)",Suspension & Mountings,90.00
DOOR GLASS MLDG RR KLS L=R,Exterior & Accessories,35.00
NOZZLE SEAL,Seals & Gaskets,70.00
VALVE COVER SEAL,Seals & Gaskets,35.00
CLUTCH PUMP TOP HINO DUTRO 5/8``,Uncategorized,85.00
VALVE COVER GSK YU41,Seals & Gaskets,25.00
"CVTF OIL PROTON 4 LITRE BLM FLX, EXORA BOLD, PREVE, IRIZ",Uncategorized,160.00
DRIVE SHAFT LH BLM FLX 1.3 1.6 (MTM)(SHORT),Uncategorized,220.00
"MAINSHAFT BOLT V57, LN65, LN106, KUN25, YU41, NAVARA (10MM)",Miscellaneous,5.00
ATF STOP LEAK & TUNE UP (BLUE TIN),Uncategorized,50.00
TIMING KIT SET WAJA 1.6,Uncategorized,150.00
WATER PUMP PIPE WAJA 1.6,Cooling System,70.00
OIL FILTER NPR PRO 17` 4JJ1 (PAPER),Filters,25.00
"DRIVE SHAFT RH KEMBARA, KBR DVVT (LONG)",Uncategorized,170.00
"DRIVE SHAFT LH KEMBARA, KBR DVVT (SHORT)",Uncategorized,170.00
GEAR OIL LUBRIMAXX LIMITED SLIP 90 4 LITRES,Engine Oils & Fluids,75.00
ATF OIL TOYOTA TYPE-IV 4 LITRES,Engine Oils & Fluids,110.00
FAN CLUTCH OIL SILICONE,Uncategorized,7.00
"CLUTCH KIT SET WIRA 1.6, WAJA, GEN 2, PSN 8``",Uncategorized,190.00
"OIL SEAL FLY S89, KBR, RUSA (VITON)",Seals & Gaskets,40.00
OIL SEAL D/S KEMBARA LH,Seals & Gaskets,20.00
OIL SEAL D/S KEMBARA RH,Seals & Gaskets,20.00
OIL SEAL MAIN KBR DVVT,Seals & Gaskets,20.00
WATER HOSE LOW WIRA 1.5,Miscellaneous,15.00
"OIL SEAL TIMING AE80, AE101, KUN25, KANCIL (VITON)",Seals & Gaskets,16.00
THERMOSTAT HICOM 2.8,Cooling System,75.00
"SPRING BUSH COVER NHR, YU41",Suspension & Mountings,4.00
"SPRING BUSH FRT V57, V99 (IRON) LONG",Suspension & Mountings,18.00
WATER HOSE LOW WAJA 1.6 (ATM),Miscellaneous,18.00
THROTTLE BODY HOSE WAJA (LONG),Miscellaneous,16.00
THROTTLE BODY HOSE WAJA (WPH-014R),Miscellaneous,15.00
DIST O RING,Uncategorized,1.00
"OIL SEAL FLY WIRA 1.6, PERDANA, V6",Seals & Gaskets,32.00
GEAR OIL FUKUOKA EP90 1 LITRE,Engine Oils & Fluids,15.00
COPPER WASHER 8MM,Miscellaneous,1.00
FENDER LAMP KELISA WHITE,Uncategorized,15.00
ROOF MOULDING KLS,Uncategorized,130.00
"PWR WINDOW MOTOR RH P/SG, GEN 2, PSN",Uncategorized,38.00
CLIP DOOR LOCK (RED) (LONG),Exterior & Accessories,1.00
"SPARK PLUG ALTIS 10`-12` 1.8, WISH ZRE142 ZRE172",Ignition Components,190.00
"DRIVE SHAFT RH KNR, KLS, VIVA (LONG)",Uncategorized,160.00
"IGNITION COIL WIRA VDO, GEN 2, PSN, EXR",Ignition Components,120.00
"BEARING RW BLM FLX, SAGA BT3 16`, PERSONA 16`",Uncategorized,125.00
LOWER ARM LH KUN25 (6 MONTHS WARRANTY),Suspension & Mountings,260.00
ABS LINK F/RH KUN25,Brake Components,40.00
ABS LINK F/LH KUN25,Brake Components,40.00
FAN BELT WIRA 1.5 (ALT),Belts & Timing,15.00
FAN BELT 13X1555,Belts & Timing,24.00
"BRAKE PUMP RR CARNIVAL (N), NAZA RIA 7/8``",Brake Components,35.00
"EXH RUBBER KANCIL, G11 (RR)",Miscellaneous,5.00
BULB H7 12V 55W,Exterior & Accessories,10.00
FUEL PUMP GEN 2,Uncategorized,150.00
FENDER PRO F/RH WIRA,Uncategorized,25.00
ENG COVER LH WIRA,Uncategorized,20.00
ENG COVER RH WIRA,Uncategorized,20.00
BUMPER FRT WAJA 00` W/GRILLE,Uncategorized,100.00
"ABS RR BLM, FLX, SAVVY (GAS)",Brake Components,80.00
"ABS BUSH RR WIRA, WAJA, GEN 2, BLM, PREVE (16MM)",Brake Components,6.00
"OIL NUT GEN 2, PSN (M14X1.5X22L)",Miscellaneous,6.00
SPRING BUSH V57 (S) NYLON,Suspension & Mountings,10.00
BRAKE SHOE HICOM 2.8 (NEW) F=R,Brake Components,140.00
OIL SEAL TIMING HICOM 109X137X13,Seals & Gaskets,140.00
"AIR FILTER WIRA 1.5 INJ, 1.6, WAJA 1.6",Filters,11.00
TENSION BUSH TROOPER (S.HOLE),Suspension & Mountings,5.00
T/LID RUBBER WIRA AB,Miscellaneous,35.00
"CLUTCH PUMP LOW WIRA, PERDANA 13/16``",Uncategorized,38.00
DOOR PIN 2 5/8``,Exterior & Accessories,2.00
"VALVE COVER HOSE WAJA, GEN 2, BLM (LONG)",Seals & Gaskets,15.00
"BREATHER HOSE GEN 2, PERSONA",Miscellaneous,20.00
PISTON RING KANCIL 850 STD (66.6MM),Uncategorized,80.00
"CON ROD BRG KANCIL 850, KLS, KNR, VIVA 850, MYVI 1.0 STD",Uncategorized,58.00
HEAD GSK KANCIL,Uncategorized,20.00
WATER HOSE TOP LH80,Miscellaneous,25.00
WATER HOSE LOW LH80,Miscellaneous,24.00
DOOR TRIM HICOM,Exterior & Accessories,130.00
DOOR INNER POCKET HICOM,Exterior & Accessories,18.00
DOOR INNER HANDLE HICOM,Exterior & Accessories,28.00
"OIL SEAL TIMING V99, 14B",Seals & Gaskets,32.00
WINDOW GEAR RH HICOM 2.8 4.3 (1TON-3TON),Uncategorized,70.00
WINDOW GEAR LH HICOM 2.8 4.3 (1TON-3TON),Uncategorized,70.00
"WATER PUMP 3L, LH80, LN106, LY100, LH113",Cooling System,85.00
FAN BELT 17X1200,Belts & Timing,26.00
WATER HOSE TOP V57,Miscellaneous,20.00
"WATER HOSE TOP V99, V116",Miscellaneous,20.00
BULB 4038 12V,Exterior & Accessories,1.00
"BEARING FW WIRA, SATRIA",Uncategorized,40.00
"OIL CAP O RING GEN 2, PERSONA (SILICONE)",Seals & Gaskets,4.00
LITHIUM EP BEARING GREASE Z2 (GOLD) 0.5KG,Miscellaneous,25.00
"FAN BELT TENSIONER GEN 2, PERSONA, BLM",Belts & Timing,110.00
ENG MTG RH N16,Uncategorized,75.00
BULB 1016 24V,Exterior & Accessories,2.00
FAN BELT TENSIONER,Belts & Timing,420.00
FAN BELT PULLEY,Belts & Timing,95.00
COUPLING 16MM,Uncategorized,36.00
EXH PIPE GSK WIRA (CTR),Miscellaneous,7.00
"OIL FILTER TRITON 2.5, PAJERO, STORM (SMALL LONG)",Filters,48.00
"OIL FILTER T3000, T4000, HINO 1-5TON (FO-2250)",Filters,16.00
FUEL FILTER MAXI,Filters,16.00
TOP SET GSK T3500 SL,Uncategorized,150.00
"BRAKE PUMP RR C22, Y10 3/4``",Brake Components,27.00
"BRAKE SHOE RR C22, Y10",Brake Components,60.00
SIDE MIRROR LH KLS (ATM),Exterior & Accessories,65.00
"D/S BOOT WAJA 1.6, GEN 2 (IN)",Uncategorized,15.00
"ENG MTG SET WAJA 1.6, GEN 2 (MTM) (1 YEAR WARRANTY)",Uncategorized,215.00
"DISC PAD RR ACV30, WISH",Brake Components,110.00
"WHEEL BOLT P/SG, WIRA (SHORT) M14X12X1.5MX45L",Miscellaneous,5.00
"WHEEL NUT LN166, KUN25, SXV10, VIOS (CHROME)",Miscellaneous,7.00
"TIE ROD END P/SG, WIRA, WAJA, GEN 2",Suspension & Mountings,32.00
BRAKE BOOSTER NHR,Brake Components,180.00
"OIL SEAL KIT RW V58, V99 (70X112X14/20, 55X101X4.7)",Seals & Gaskets,23.00
"LOWER ARM RH KLS, KNR (6 MONTHS WARANTY)",Suspension & Mountings,50.00
"LOWER ARM LH KLS, KNR (6 MONTHS WARRANTY)",Suspension & Mountings,50.00
"LOWER ARM BUSH FRT KLS, KNR (CTR)",Suspension & Mountings,5.00
"AXLE WASHER RR V26, V58, V99",Suspension & Mountings,7.00
SPRING BUSH HICOM 4.3 (LONG) 18MM,Suspension & Mountings,65.00
"ALT PIPE LH80, LN106",Miscellaneous,26.00
ALT HOSE LH80 (D),Miscellaneous,15.00
BRAKE SHOE RR RANGER,Brake Components,105.00
"BRAKE PUMP RR RANGER (O), RANGER T6, BT50 15/16``",Brake Components,38.00
DRIVE SHAFT RH WIRA 1.5 (SHORT),Uncategorized,160.00
"PWR STG PUMP KUN25, KUN26",Uncategorized,300.00
TAIL LAMP LH GUN125,Exterior & Accessories,220.00
"OIL SEAL D/S KLS, KNR, MYVI, VIVA, ALZA, AXIA (LH)",Seals & Gaskets,12.00
"CLIP FENDER PRO P/SG, WIRA",Miscellaneous,1.00
"THROTTLE BODY HOSE MYVI, ALZA",Miscellaneous,15.00
"OIL FILTER 120Y, B11, C22",Filters,10.00
ABS FRT & RR HICOM 2.8 SAFARI,Brake Components,150.00
"STEP BOARD LH V57, LH80",Uncategorized,22.00
"RACK END KLS, KNR, SUTERA",Uncategorized,24.00
"TIE ROD END KANCIL, KLS, KNR, G11, VIVA",Suspension & Mountings,33.00
WATER HOSE TOP WIRA INJ,Miscellaneous,17.00
RAD COOLANT PROTON 4L (BLUE),Engine Oils & Fluids,50.00
"THERMOSTAT P/SG, WIRA 1.5",Cooling System,22.00
"BEARING PINION GEAR LN166, KUN25 (S)",Uncategorized,110.00
"BEARING D/S KUN25, INNOVA (43X80X17) 90363-T0014",Uncategorized,95.00
NEEDLE BRG KUN25,Uncategorized,55.00
"ABS MTG F/LH LATIO, LIVINA, SYLPHY",Brake Components,65.00
"AUTO FILTER T9A, T7A, BRV, T5A, TEA 1.8 (SMALL)",Uncategorized,45.00
LOWER ARM LH KEMBARA,Suspension & Mountings,95.00
LOWER ARM RH KEMBARA,Suspension & Mountings,95.00
"TIMING KIT SET KBR, S89, RUSA 1.3",Uncategorized,145.00
"PLUG O RING S89, KBR, RUSA, KLS, S9A, SDA, SO4, S5A",Uncategorized,6.00
"VALVE COVER GSK S89, KBR, RUSA",Seals & Gaskets,15.00
"OIL PAN SEAL S89, RUSA, KBR (SET)",Seals & Gaskets,18.00
FAN BELT KEMBARA,Belts & Timing,35.00
"FAN BELT WIRA 1.6, KEMBARA, SWIFT 1.4 (ALT)",Belts & Timing,18.00
FUEL FILTER P/SG (F),Filters,5.00
ABS BUSH 0451 (4554 ABS BUSH),Brake Components,2.00
THROTTLE BODY GSK WIRA 1.5 (52MM),Uncategorized,3.00
DOOR CABLE FRT VIVA (OPEN),Exterior & Accessories,15.00
STOPPER 22MM,Uncategorized,3.00
"BRAKE BOOSTER HOSE P/SG, WIRA (VALVE)",Brake Components,25.00
SPRING WASHER M10 (3/8``),Suspension & Mountings,0.50
NUT 3/8``,Miscellaneous,0.50
"H/B CABLE R/RH KUN25, KUN26 (2DOOR=4DOOR)",Exterior & Accessories,75.00
"H/B CABLE R/LH KUN25, KUN26 (2DOOR=4DOOR)",Exterior & Accessories,75.00
ENG MTG FRT WIRA (ATM),Uncategorized,26.00
FAN BELT VIVA (P/STG) 3PK525,Belts & Timing,15.00
FAN BELT 9.5X740 VIVA,Belts & Timing,10.00
"FAN BELT KLS, KNR, VIVA, MYVI 1.0 (ALT) 4PK715",Belts & Timing,22.00
BULB H3 12V 55W,Exterior & Accessories,12.00
GEAR OIL LUBRIMAXX  SAE90 GL4 4L,Engine Oils & Fluids,65.00
METER CABLE WIRA 1.3 1.5,Uncategorized,32.00
FUEL HOSE 7MM,Miscellaneous,3.00
"BEARING PINION GEAR LN106, HZJ80",Uncategorized,60.00
"COUPLING PAJERO, CANTER, V99 (30X86)",Uncategorized,55.00
"OIL SEAL RW LN106, LN166, LH80, KUN25 (O) (IN)",Seals & Gaskets,8.00
TIE ROD END PAJERO (OUT),Suspension & Mountings,70.00
WATER JACKET 28MM,Uncategorized,2.00
WATER JACKET 19MM,Uncategorized,2.00
WATER JACKET 18MM,Uncategorized,2.00
"COIL SPRING RUBBER RR ALZA, KANCIL, MYVI, VIVA, G11 (STD) (LOW)",Suspension & Mountings,8.00
"CLUTCH PUMP LOW ALZA, MYVI LB 3/4``",Uncategorized,90.00
AIR FILTER NPR 4JJ1,Filters,130.00
TAIL GATE HANDLE KUN25 G,Exterior & Accessories,230.00
BMC YU41 1 1/16`` (2 BOLT HOLE),Miscellaneous,190.00
o ring,Uncategorized,1.00
ABS F/RH WIRA 1.5 (OIL),Brake Components,105.00
DRIVE SHAFT LH WIRA 1.5 (LONG),Uncategorized,160.00
AIR COND MOTOR WIRA (ND),Uncategorized,65.00
LOWER ARM RH WIRA,Suspension & Mountings,70.00
LOWER ARM LH WIRA,Suspension & Mountings,70.00
HINO VALVE COVER BUSH G,Suspension & Mountings,45.00
AXLE SHAFT COVER CANTER 3TON 4X4,Suspension & Mountings,95.00
BULB 1141 12V,Exterior & Accessories,1.00
BRAKE PIPE RR KUN25,Brake Components,30.00
"OIL FILTER N16, C24, TEANA, ALMERA",Filters,10.00
NUT M10 X 1.25M,Miscellaneous,0.50
D/S BOOT PJR V6 (IN=OUT),Uncategorized,16.00
STAB BUSH FRT PJR V6 (27MM),Suspension & Mountings,10.00
WATER PUMP PIPE AVANZA W/RAD CORK 16035-97401,Cooling System,28.00
"BEARING FLY LN106, KUN25, V57",Uncategorized,12.00
"OIL SEAL MAIN PAJERO, V6, TRITON",Seals & Gaskets,20.00
BRAKE FLUID DOT 3 (BIG),Engine Oils & Fluids,12.00
"BRAKE PUMP RR GEN 2, PERSONA",Brake Components,30.00
OIL SWITCH P/SG,Electrical Components,18.00
GRILLE FRT KNR 03`,Uncategorized,90.00
BUMPER RR KANCIL 99`,Uncategorized,95.00
"AXLE STUD SLEEVE FRT LN65, LN106 (8MM)",Suspension & Mountings,2.00
"AXLE STUD SPRING WASHER FRT LN65, LN106 (8MM)",Suspension & Mountings,0.50
"LOWER ARM LH LATIO, LIVINA, SYLPHY (6 MONTHS WARRANTY)",Suspension & Mountings,120.00
"RACK END LATIO, LIVINA, TEANA, SYLPHY, NV200",Uncategorized,68.00
D/S BOOT IN SYLPHY,Uncategorized,18.00
"ABS LINK FRT LIVINA, LATIO",Brake Components,34.00
DOOR GLASS MLDG F/LH MYVI 05`~08`,Exterior & Accessories,25.00
DOOR GLASS MLDG R/RH MYVI 05`~08`,Exterior & Accessories,25.00
DOOR GLASS MLDG R/LH MYVI 05`~08`,Exterior & Accessories,25.00
"WIPER BLADE WAJA, GEN 2, PDN, KUN25, KUN26, HINO 1-3TON",Exterior & Accessories,22.00
"CVTF OIL HONDA HCF-2 3.5L (T9A, HRV, T5A, T7A,RC1)",Uncategorized,175.00
"GEAR LEVEL BUSH LASER, RANGER (LOW) WHITE",Suspension & Mountings,2.00
"CVTF OIL HONDA 3.5 LITRES (SEL IDSI, VTEC, CRZ)",Uncategorized,150.00
"BY PASS HOSE KLS, KNR (SHORT)",Miscellaneous,6.00
PLUG CABLE P/SG 12V,Ignition Components,26.00
OIL SEAL KIT FW KUN25 (72.5X89.5X7.4/16 & 80X96X10/18),Seals & Gaskets,30.00
RELAY 5 PIN,Electrical Components,12.00
"STG BOOT KLS, KNR, MYVI, VIVA, ALZA",Uncategorized,13.00
"D/S BOOT SM4, SV4, RIA (IN)",Uncategorized,15.00
"STG BOOT SR4, SO4, SX8, S10",Uncategorized,15.00
"D/S BOOT SO4, SX8 (IN)",Uncategorized,13.00
D/S BOOT P/SG (IN/OUT),Uncategorized,12.00
"D/S BOOT KUN25, GUN125 (IN)",Uncategorized,22.00
BRAKE SHOE RR P/SG 12V,Brake Components,38.00
BRAKE PUMP RR P/SG 12V 3/4``,Brake Components,18.00
DRIVE SHAFT KUN25 L=R,Uncategorized,300.00
OIL SEAL FW PAJERO,Seals & Gaskets,18.00
AIR COND PULLEY KIT 6203,Uncategorized,28.00
"RADIATOR BUSH TOP KANCIL, MYVI, VIVA",Cooling System,3.00
ENG OIL LUBRIMAXX ULTRA LIGHT 10W30 SM/CF 3 LITRES,Engine Oils & Fluids,50.00
"VALVE COVER GSK SEL VTEC, JAZZ 1.5",Seals & Gaskets,28.00
"LOWER ARM LH MYVI, MYVI LB (6 MONTH WARRANTY)",Suspension & Mountings,85.00
"LOWER ARM RH MYVI, MYVI LB",Suspension & Mountings,65.00
"LOWER ARM LH MYVI, MYVI LB",Suspension & Mountings,65.00
"DOOR HINGE KANCIL RH TOP, LH LOW (FRT=RR)",Exterior & Accessories,27.00
"DOOR HINGE KANCIL LH TOP, RH LOW (FRT=RR)",Exterior & Accessories,27.00
"OIL SEAL D/S WAJA, MATRIX 1.8, GEN 2, PSN, BLM (ATM), NEO",Seals & Gaskets,15.00
COPPER SPRAY,Uncategorized,37.00
TOP SET GSK WIRA 1.6,Uncategorized,110.00
"ABS FRT NPR , HICOM (H.D)",Brake Components,180.00
"AIR FILTER V57, LN106, STORM, PJR 2.8 (TURBO) 17801-87303",Filters,22.00
ENG OIL LUBRIMAXX M1 SPECIAL 10W40 1 LITRE,Engine Oils & Fluids,35.00
"CLIP BUMPER, GRILLE MYVI, AVANZA",Miscellaneous,1.50
"ALIGHTMENT BOLT RR WIRA, WAJA, GEN 2, PSN",Exterior & Accessories,14.00
"RACK END WIRA, WAJA, GEN 2, PSN",Uncategorized,26.00
"DISC PAD RR WAJA 1.6, S40, SMART FORFOUR",Brake Components,66.00
"AUTO FILTER SET P/SG 12V, WIRA 1.6",Uncategorized,15.00
D/S BOOT NEO (IN),Uncategorized,15.00
"DOOR OUTER HANDLE F/RH KANCIL 94`, KBR",Exterior & Accessories,8.00
"DOOR OUTER HANDLE R/LH KANCIL 94`, KBR",Exterior & Accessories,8.00
BRAKE PUMP R/LH V57 1 1/8`` (NO ADJ),Brake Components,45.00
"BEARING FW WAJA, GEN 2, PSN, EXORA",Uncategorized,55.00
"ABS MTG FRT WAJA, GEN 2 , NEO, PSN",Brake Components,50.00
BRAKE PUMP F/RH V57 1 1/4`` (ADJ),Brake Components,45.00
"OIL FILTER O RING KLS, KNR, MYVI, AVANZA (1 BIG, 1 SMALL)",Filters,15.00
STAB BUSH FRT KANCIL 850 (22MM),Suspension & Mountings,6.00
"TIMING KIT SET KLS, KNR, MYVI 1.0, KANCIL 850 02`, VIVA 850 1.0",Uncategorized,130.00
"D/S BOOT KANCIL (OUT=IN), KLS, KNR (OUT)",Uncategorized,10.00
WIPER JOINT (Y) LONG,Suspension & Mountings,1.00
"WATER PUMP P/SG, ACCENT, GETZ 1.3",Cooling System,50.00
"VALVE COVER GSK P/SG 12V, WIRA 1.5",Seals & Gaskets,7.00
FAN BELT WIRA 1.5 (P/STG),Belts & Timing,15.00
"FAN BELT 13X760 P/STG FRONTIER D22, V58",Belts & Timing,11.00
OIL SEAL GEAR BOX PJR (TRANSFER) VITON,Seals & Gaskets,25.00
"OIL SEAL GEAR LEVEL PJR, STG C23",Seals & Gaskets,8.00
SPRING BUSH KUN25 (LONG),Suspension & Mountings,12.00
RACK END GUN125,Uncategorized,90.00
ENG OIL LUBRIMAXX M1 SPECIAL PLUS 10W40 SM/CF 4 LITRES,Engine Oils & Fluids,105.00
"AUTO FILTER SNA, SDA, S7A,TMO",Uncategorized,50.00
"AIR FILTER TMO, TFO, FREED",Filters,28.00
"AIR FILTER KLS, KNR",Filters,15.00
"BRAKE PUMP F/LH CANTER FB300, FB511 (1 1/4``) (ADJ)",Brake Components,48.00
OIL FILTER CANTER FB300,Filters,12.00
"OIL SEAL CAM SR4 T/C, CRV (VITON)",Seals & Gaskets,22.00
HYDRAULIC OIL LUBRIMAXX AW68 18 LITRES,Uncategorized,180.00
"BEARING CONE RW KUN25 08`, GUN125 (42X58)",Uncategorized,18.00
BUMPER FRT KANCIL 99`,Uncategorized,85.00
REFLECTOR RED & YELLOW 150MM X 600MM (DIAMOND) W/SIRIM,Uncategorized,70.00
CLIP HEAD LAMP (S),Miscellaneous,1.00
AXLE BUSH KIT P/SG,Suspension & Mountings,33.00
"STAB BUSH FRT EXORA, PREVE (24MM)",Suspension & Mountings,8.00
"BEARING CLUTCH N13, B14, Y10, BLM",Uncategorized,65.00
"VALVE COVER GSK BLM, FLX, PSN, EXR BOLD, PREVE (SILICON)",Seals & Gaskets,20.00
"BEARING ABS MTG FRT MYVI, VIVA, AXIA",Brake Components,15.00
EXH PIPE GSK NHR (63X53),Miscellaneous,5.00
FAN BELT KUN25 (7PK1516),Belts & Timing,75.00
"CYL HEAD PIPE GEN 2, BLM, PSN (28MM)",Miscellaneous,15.00
ENG MTG SET MYVI (MTM),Uncategorized,250.00
"GEAR LEVEL BOOT P/SG, WIRA, GEN 2",Uncategorized,6.00
"RADIATOR WIRA 1.6 ATM=MTM CT2 PA22/PA26 (WIRA 1.5, PERDANA ATM)",Cooling System,220.00
VITARA V6 WATER PUMP,Cooling System,130.00
ATF OIL PROTON SP-III 1 LITRE,Engine Oils & Fluids,30.00
VACCUM HOSE 3.5MM,Miscellaneous,2.00
DISC PUMP SEAL FRT WIRA 1.5,Seals & Gaskets,18.00
DRIVE SHAFT RH KANCIL (LONG),Uncategorized,135.00
"OIL FILTER YU41, 160J (SHORT)",Filters,13.00
GREASE SPRAY HARDEX 400ML,Miscellaneous,17.00
LOWER ARM LH AXIA (6 MONTHS WARRANTY),Suspension & Mountings,110.00
"STAB BUSH FRT BEZZA, AXIA (21MM)",Suspension & Mountings,7.00
PLUG CABLE WAJA 1.6,Ignition Components,33.00
H/B CABLE FRT WIRA 1.5,Uncategorized,20.00
CLUTCH KIT SET V57 (9 1/2``),Uncategorized,340.00
BEARING CLUTCH V57,Uncategorized,85.00
ABS FRT D-MAX 08`,Brake Components,170.00
"BALL JOINT TOP TRP V6, D-MAX 05`",Suspension & Mountings,80.00
TIE ROD END D-MAX 2.5 RT50 12`,Suspension & Mountings,95.00
RACK END D-MAX,Uncategorized,60.00
"BEARING FW TRP, D-MAX, KIA CERES",Uncategorized,45.00
"BEARING FW TROOPER V6, D-MAX",Uncategorized,52.00
BRAKE PUMP R/RH KEMBARA 13/16``,Brake Components,35.00
BRAKE PUMP R/LH KEMBARA 13/16`` (ADJ),Brake Components,35.00
"TIE ROD END KDH200, TRH200",Suspension & Mountings,125.00
TIE ROD END MYVI 05`,Suspension & Mountings,35.00
"CLUTCH KIT SET P/SG, WIRA 1.5 7.5``",Uncategorized,145.00
OIL SEAL TIMING VITARA V6,Seals & Gaskets,20.00
FUEL HOSE 6MM,Miscellaneous,2.50
"AIR HOSE GROMMET ALZA, MYVI, MYVI LB, MYVI ICON",Miscellaneous,6.00
"ABS COVER FRT WIRA 1.6, WAJA",Brake Components,7.00
"ABS COVER RR WIRA, WAJA",Brake Components,7.00
"COIL SPRING SEAT FRT WIRA 1.6, WAJA, GEN 2",Suspension & Mountings,25.00
"AIR FILTER KUN25, INNOVA",Filters,130.00
AIR FILTER KDH200 (NEW),Filters,38.00
"BEARING FW BLM, SAVVY, AVEO",Uncategorized,60.00
"ABS LINK F/RH NAVARA D23, NP300",Brake Components,35.00
FAN BELT NAVARA D23T (7PK1750),Belts & Timing,78.00
CABLE TIE 12``,Uncategorized,0.16
"AIR FILTER GUN125, GGN155",Filters,40.00
"ENG VALVE EX KE70, KM36, UNSER KF80",Uncategorized,15.00
"DISC PAD FRT LN106, LN166, KDN165, LJ79, LJ95",Brake Components,55.00
WATER HOSE LOW VIOS NCP42,Miscellaneous,23.00
"VALVE SEAL SR4, SM4, SO4, SV4, B16A (IN)",Seals & Gaskets,12.00
"VALVE SEAL SR4, SM4, SO4, SV4, B16A (EX)",Seals & Gaskets,12.00
"ABS MTG BUSH RR WIRA, WAJA, BLM (2 PCS)",Brake Components,6.00
"ARM RR WAJA, GEN 2, PSN L=R (SHORT)",Suspension & Mountings,38.00
DISC PUMP SEAL RR TX5,Seals & Gaskets,18.00
"ABS LINK FRT TMO, TFO 51320-TFO-003",Brake Components,35.00
"PLUG O RING WIRA 1.6, PERDANA 2.0, PJR V31 4G64",Uncategorized,5.00
VALVE COVER GSK WIRA 1.6,Seals & Gaskets,12.00
"TIMING CHAIN COVER O RING MYVI 1.3, KBR DVVT (3 HOLE)",Uncategorized,15.00
STG BOOT P/SG (M),Uncategorized,11.00
ENG MTG SET NCP42 G,Uncategorized,380.00
"LOWER ARM LH WAJA, GEN 2, PSN (6 MONTHS WARRANTY)",Suspension & Mountings,90.00
LOWER ARM FRT KANCIL L=R,Suspension & Mountings,35.00
"AIR FILTER ALTIS 1.6 1.8, WISH, CALDINA",Filters,20.00
"DISC PAD FRT VIOS NCP42, ALTIS 01`-08`",Brake Components,70.00
TIMING KIT SET KANCIL 850,Uncategorized,120.00
WATER PUMP KANCIL,Cooling System,70.00
"WATER HOSE TOP KANCIL, L5",Miscellaneous,12.00
"WATER HOSE LOW KANCIL, L5",Miscellaneous,15.00
BY PASS HOSE KANCIL (1SET=5PCS),Miscellaneous,25.00
WATER PUMP PIPE KANCIL,Cooling System,25.00
3 WAY PIPE KANCIL,Miscellaneous,6.00
4 WAY PIPE KANCIL,Miscellaneous,6.00
VALVE COVER GSK KANCIL,Seals & Gaskets,10.00
VALVE COVER BUSH KANCIL,Suspension & Mountings,4.00
"ABS FRT KUN25, KUN26, FORTUNER, GUN125, GUN126, GUN135 09K60,09J90,09440",Brake Components,130.00
DRIVE SHAFT RH KANCIL 850 (ATM) LONG,Uncategorized,180.00
DRIVE SHAFT LH KANCIL 850 (ATM) SHORT,Uncategorized,180.00
"STAB BUSH FRT BLM, SAVVY (19MM)",Suspension & Mountings,6.00
"ABS F/LH VIOS NCP93, PRIUS C",Brake Components,140.00
ABS LINK FRT VIOS NCP93,Brake Components,35.00
ABS COVER FRT VIOS NCP93 (TOP),Brake Components,20.00
"ABS BUSH FRT SXV10, SXV20, ACV30, VIOS NCP42, RR ACV40",Brake Components,12.00
"LOWER ARM RH VIOS NCP93 , YARIS (6 MONTHS WARRANTY)",Suspension & Mountings,135.00
"LOWER ARM LH VIOS NCP93 , YARIS (6 MONTHS WARRANTY)",Suspension & Mountings,135.00
TIE ROD END VIOS NCP93,Suspension & Mountings,70.00
ABS MTG FRT VIOS NCP93 (RUB),Brake Components,40.00
OIL SEAL ATM TEANA 2.5 V6 (51X66X7),Seals & Gaskets,35.00
"OIL SEAL FLY LATIO 1.6 1.8, LIVINA1.6 1.8, ALMERA N17 (84X117X8.5)",Seals & Gaskets,85.00
THERMOSTAT HOUSING SYLPHY,Cooling System,110.00
"OIL SEAL TIMING X-TRAIL T30, C26 (46X58X7)",Seals & Gaskets,25.00
VALVE COVER GSK TRITON 2.5 KB4,Seals & Gaskets,45.00
NOZZLE SEAL TRITON (B) 26X43X9,Seals & Gaskets,28.00
NOZZLE SEAL TRITON (S),Seals & Gaskets,28.00
"ALT MYVI 1.3, AVANZA1.3, KBR DVVT (3PIN)",Uncategorized,190.00
FAN BELT MYVI 1.3 (4PK1705),Belts & Timing,30.00
FAN BELT KEMBARA DVVT,Belts & Timing,40.00
PLUG O RING TRITON (IN),Uncategorized,13.00
U BOLT 6`` V57 (14X72X155),Miscellaneous,15.00
"FAN MOTOR ACR50, ANH20 (RH) W/WIRE",Uncategorized,220.00
COOLANT TCL(GREEN) 2 LITER,Engine Oils & Fluids,30.00
MAP SENSOR SR4,Electrical Components,200.00
"WHEEL NUT PERDANA, VIOS, KUN25 (CHROME)",Miscellaneous,7.00
BEARING CLUTCH KANCIL,Uncategorized,45.00
"OIL SEAL ATM P/SG, WIRA, WAJA, PERDANA, GEN 2, PSN, CITRA, NAZA RIA, TRITON, CARNIVAL 02`",Seals & Gaskets,15.00
HOSE TOP SYLPHY,Miscellaneous,35.00
HOSE LOW SYLPHY,Miscellaneous,35.00
WP HOSE SYLPHY,Miscellaneous,32.00
HEATER HOSE SYLPHY,Miscellaneous,38.00
OIL COOLER HOSE P/SG (B),Miscellaneous,16.00
"CLUTCH PUMP LOW WAJA, GEN 2, PSN 13/16``",Uncategorized,38.00
ALT WIRA 1.5 75A/80A (NEW),Uncategorized,250.00
BY PASS HOSE ELANTRA MD (TO TTB),Miscellaneous,65.00
CON ROD BRG UNSER KF80 7K STD,Uncategorized,65.00
TIMING CHAIN KIT UNSER KF80,Uncategorized,170.00
FULL SET GSK UNSER 7K,Uncategorized,120.00
"FAN BELT TRITON 2.5, FRONTIER 13X865",Belts & Timing,15.00
FAN BELT 13X865,Belts & Timing,15.00
PLUG CABLE UNSER KF80,Ignition Components,38.00
FUEL FILTER UNSER 1.8,Filters,20.00
"OIL FILTER T/H, V99, TERRANO",Filters,10.00
DIST P/SG 12V (CARB),Uncategorized,180.00
ABS F/RH ALZA (GAS),Brake Components,130.00
WATER PUMP SYLPHY,Cooling System,125.00
ACV40 HEAD LAMP BULB,Exterior & Accessories,75.00
PWR STG HOSE B14,Miscellaneous,25.00
DRIVE SHAFT RH ALZA (LONG),Uncategorized,180.00
DRIVE SHAFT LH ALZA (SHORT),Uncategorized,180.00
WATER HOSE TOP C22,Miscellaneous,18.00
WATER HOSE LOW C22,Miscellaneous,20.00
"OIL SEAL RW KUN25 08`, KUN26 (OUT)",Seals & Gaskets,14.00
"CLUTCH PUMP LOW E1800, MAXI `P` 3/4``",Uncategorized,38.00
WATER JACKET 26MM,Uncategorized,2.00
D/S BOOT ALMERA (IN),Uncategorized,18.00
TIE ROD END AVANZA 1.3,Suspension & Mountings,125.00
BEARING FW AVANZA (O),Uncategorized,90.00
ABS LINK FRT AVANZA 03`,Brake Components,35.00
LONGSHAFT MTG AVANZA,Suspension & Mountings,75.00
COUPLING AVANZA (29.5X78),Uncategorized,45.00
BALL JOINT LOW SWA 06`,Suspension & Mountings,80.00
"ARM BUSH RR KE70, TT132 (C), AVANZA, KEMBARA",Suspension & Mountings,5.00
GEAR BOX NUT P/SG (18MM),Miscellaneous,5.00
WASHER 18MM (ALM),Miscellaneous,1.00
CRANKSHAFT SENSOR FRONTIER D22 (FLYWHEEL),Electrical Components,155.00
FAN BELT 13X815,Belts & Timing,13.00
WATER HOSE TOP P/SG 12V,Miscellaneous,15.00
WATER HOSE LOW P/SG,Miscellaneous,14.00
"BY PASS HOSE EXORA, PREVE, BLM FLX, SUPRIMA S (THERMOSTAT)",Cooling System,15.00
"WATER PUMP PIPE O RING GEN 2, PERSONA (SILICON)",Cooling System,5.00
"AIR FILTER LATIO, LIVINA , SYLPHY, ALMERA",Filters,25.00
"WHEEL BOLT P/SG, WIRA (LONG) M14 X 12 X 1.5 X55L",Miscellaneous,5.00
"THERMOSTAT WASHER GEN 2, BLM, PSN",Cooling System,2.00
FAN BELT CRV 2.0 ALT,Belts & Timing,26.00
"FUEL FILTER FRONTIER D22, E25 URVAN 3.0 (LONG)",Filters,45.00
FUEL FILTER FRONTIER D22 (SHORT),Filters,32.00
"ATF OIL WS TOYOTA 4 LITRES ACV40, ASV50, NCP93, NCP150, ALTIS ZZE142,GGH20, MARK-X GRX120, GUN125",Engine Oils & Fluids,135.00
WIPER BLADE 21`` AXIA,Exterior & Accessories,12.00
WIPER BLADE 16``,Exterior & Accessories,10.00
"OIL FILTER PROTON X70, PASSAT 1.4,1.8, 2.0, AUDI 1.8 2.0, GOLF 5/6 1.8,2.0, V/W GTI (H14W30 HENGST, OC456 MAHLE, W719/45 MANN)",Filters,28.00
"OXYGEN SENSOR VIVA 1.0, MYVI 1.0/1.3 (LONG)",Electrical Components,100.00
DRIVE SHAFT LH KANCIL (SHORT),Uncategorized,135.00
OIL SEAL D/S KANCIL RH,Seals & Gaskets,15.00
OIL SEAL D/S KANCIL LH,Seals & Gaskets,15.00
"ENG MTG RR LATIO, LIVINA, SYLPHY 2.0",Uncategorized,150.00
"DUAL PUMP SYSTEM FLUID HONDA CRV DPSF-II 1 LITRES SWA,TOA",Uncategorized,55.00
WIPER TANK CAP MAZDA3,Exterior & Accessories,40.00
HEAD LAMP BULB ACV40,Exterior & Accessories,75.00
"OIL SEAL D/S KLS, KNR, MYVI, VIVA, ALZA (RH)",Seals & Gaskets,12.00
"OXYGEN SENSOR WIRA VDO, WAJA, GEN 2, PSN, BLM (SHORT WIRE)",Electrical Components,110.00
"DRIVE SHAFT LH KNR, KLS, VIVA (SHORT)",Uncategorized,150.00
WATER JACKET 30MM,Uncategorized,2.00
"BY PASS HOSE KLS, KNR (LONG)",Miscellaneous,25.00
RACK END VIVA,Uncategorized,22.00
"OIL SEAL D/S ALMERA, LIVINA, LATIO, T31, TEANA J32 L33, NV200, C26, SYLPHY",Seals & Gaskets,22.00
"OIL SEAL D/S B13, B14, N16, Y10, A32, BLM (MTM)",Seals & Gaskets,22.00
"WATER HOSE LOW GEN 2, PERSONA, BLM (ATM) PW826194",Miscellaneous,30.00
DISC PAD FRT NAVARA D40T,Brake Components,130.00
"OIL SEAL D/S VIOS NCP42, NCP93 LH (VITON)",Seals & Gaskets,22.00
"OIL SEAL D/S AE80, AE101, VIOS NCP42, NCP93 (RH)",Seals & Gaskets,20.00
"BRAKE PUMP F/RH CANTER FE434, FE639 1 1/4`` (ADJ)",Brake Components,45.00
"SPRING BUSH RR LN106, LH80 (S) NYLON",Suspension & Mountings,7.00
BRAKE FLUID DOT 4 (SMALL),Engine Oils & Fluids,10.00
"DRIVE SHAFT RH MYVI LB 1.5 11`, BEZZA 1.3 (LONG)",Uncategorized,170.00
"VALVE COVER GSK PSN CPS, WAJA CPS, EXORA CPS (SQUARE)",Seals & Gaskets,50.00
"BRAKE PUMP RR BLM, SAVVY 11/16``",Brake Components,20.00
"WATER PUMP KLS, KNR, VIVA, MYVI 1.0",Cooling System,80.00
"PLUG O RING VIVA, MYVI 1.0, ALTIS",Uncategorized,6.00
"VALVE COVER GSK MYVI 1.0, VIVA 1.0 850",Seals & Gaskets,28.00
OIL SEAL FLY V57 (VITON),Seals & Gaskets,55.00
WHEEL BOLT F/LH V58,Miscellaneous,15.00
OIL SEAL MAIN V57 (LH),Seals & Gaskets,16.00
"WATER PUMP B13, B14, C23 1.6, Y10",Cooling System,70.00
BRAKE PUMP F/RH YU41 1 1/8`` (ADJ),Brake Components,58.00
BRAKE PUMP R/LH HICOM MTB150DX 1``,Brake Components,50.00
"OIL SEAL RW NPR, HICOM 4.3 OUT",Seals & Gaskets,12.00
OIL SEAL BLM FLX (ATM CONVERTER),Seals & Gaskets,20.00
FORTE 1.6 6SPD DRIVE SHAFT LH,Uncategorized,260.00
FUEL TANK UNSER,Uncategorized,530.00
"LONGSHAFT MTG KUN25, INNOVA",Suspension & Mountings,80.00
WATER PUMP PIPE B14,Cooling System,50.00
TOP SET SV4 CARBON,Uncategorized,160.00
PVC VALVE BUSH LASER,Suspension & Mountings,5.00
"FAN BELT LATIO 1.8, LIVINA 1.8, SYLPHY 2.0 (6PK1205)",Belts & Timing,75.00
WIPER TANK MOTOR WAJA,Exterior & Accessories,17.00
BEARING,Uncategorized,15.00
THERMOSTAT HOUSING UNSER KF80,Cooling System,95.00
"AUTO FILTER SET ACR30, ACU30, ACV30, ACV41, MCU15, MCR30, MNH10",Uncategorized,45.00
"OIL SEAL D/S ACR30, ACV30, ACR50 RH",Seals & Gaskets,26.00
"OIL SEAL D/S ACR30, ACV30, ACR50 LH",Seals & Gaskets,26.00
PLUG O RING WAJA,Uncategorized,6.00
BLACK TAPE,Uncategorized,2.00
"WATER PUMP PIPE NAZA RIA, CARNIVAL (BIG LONG)",Cooling System,50.00
WATER HOSE TOP NAZA RIA,Miscellaneous,24.00
"ABS F/RH FORTE 1.6, 2.0 54661-1M000",Brake Components,155.00
"ABS F/LH FORTE 1.6, 2.0 (2H000)",Brake Components,155.00
ABS COVER FRT FORTE,Brake Components,25.00
TIMING KIT SET WIRA 1.6,Uncategorized,165.00
FAN BELT P/SG (P/STG) 13X575,Belts & Timing,12.00
FAN BELT 12.5 X 750,Belts & Timing,13.00
FUEL FILTER HINO DUTRO 300 (23304-78090),Filters,35.00
"*NEW PRICE* ATF OIL HYUNDAI SP-IV 1 LITRE (6 SPEED) FORTE, SANTAFE 11`, SONATA YF, TUCSON 13` SORENTO 2.4",Engine Oils & Fluids,48.00
"CRANKSHAFT PULLEY P/SG 12V, VDO (NO RUBBER)",Miscellaneous,65.00
FAN BELT 9.5X900,Belts & Timing,12.00
"WATER PUMP PIPE O RING SM4, SV4, S10",Cooling System,6.00
CLIP WIPER PANEL WIRA (LONG),Exterior & Accessories,1.00
"UPPER ARM LH KUN25, GUN125, FORTUNER TGN51 (6 MONTHS WARRANTY)",Suspension & Mountings,150.00
*NEW PRICE* ATF OIL MAZDA FZ 1 LITER (SKY ACTIVE ENGINE),Engine Oils & Fluids,50.00
OIL SEAL FLY NHR (VITON),Seals & Gaskets,60.00
DISC PAD RR N16 1.8,Brake Components,75.00
"AUTO FILTER SET WAJA, BLM, GEN 2, EXORA",Uncategorized,40.00
"ABS LINK FRT WAJA, GEN 2, PSN",Brake Components,20.00
WHITE TAPE,Uncategorized,1.50
BY PASS HOSE RIA 0K55W-13690,Miscellaneous,15.00
BY PASS HOSE RIA 0K566-15181,Miscellaneous,16.00
WATER PUMP PIPE NAZA RIA (0K566-15-18XA),Cooling System,43.00
BY PASS HOSE RIA (LONG) 80025-61B14,Miscellaneous,40.00
BEARING RW WIRA,Uncategorized,65.00
PWR WINDOW GEAR R/RH WIRA 01` (SQUARE),Uncategorized,40.00
PWR WINDOW MOTOR RH WIRA 02` (SQUARE),Uncategorized,40.00
PWR WINDOW SWITCH WIRA (MAIN) (PW539247),Electrical Components,55.00
"BODY PUMP P/SG, WIRA, GEN 2, PERSONA, BLM",Uncategorized,55.00
CABIN FILTER ALMERA,Filters,20.00
"DISC PAD FRT ACR30 01`, MCR30 01`, HARRIER 98` SXU10 MCU10",Brake Components,75.00
"SPARK PLUG ALTIS 10` 1.8, WISH ZRE142 ZRE172, MYVI 17` D20N, BEZZA 1.3, ARUZ, NSP151 (SC16HR11)",Ignition Components,180.00
"BEARING FLY PJR , HONDA",Uncategorized,13.00
"DISC ROTOR FRT WAJA 1.6, PDN, V6",Brake Components,170.00
OIL SEAL CLUTCH SM4,Seals & Gaskets,15.00
OIL SEAL GEAR LEVEL HONDA,Seals & Gaskets,14.00
PW812473 CLUTCH PUMP TUBE,Uncategorized,95.00
"FUEL FILTER NPR PRO 4JJ1, 4HK1 (PAPER)",Filters,28.00
"OIL SEAL D/S SR4, SM4, SO4,TMO (LH)",Seals & Gaskets,17.00
"OIL SEAL D/S S9A, SWA, S7A, TMO, T2A, TAO (RH)",Seals & Gaskets,22.00
STG RACK BUSH ALTIS ZZE121 RH,Suspension & Mountings,20.00
"OUTPUT SENSOR WAJA, GEN 2, EXORA, PSN, BLM (FOR CPS ENG)",Electrical Components,110.00
PLUG IN FUSE 20A,Uncategorized,1.00
"CLUTCH PUMP TOP SR4, SO4 5/8``",Uncategorized,68.00
"ACC PEDAL KUN25, INNOVA, FORTUNER",Uncategorized,300.00
WATER PUMP TRP,Cooling System,125.00
"TIMING KIT SET TROOPER 4ZC1 , 4ZD1",Uncategorized,170.00
ENG OIL HONDA 0W20 SP 4 LITRES (FULLY SYNTHETIC),Engine Oils & Fluids,175.00
T/LID HANDLE RANGER (BLACK),Exterior & Accessories,48.00
BRAKE FLUID DOT 4 BOSCH 1 LITRE,Engine Oils & Fluids,23.00
"GREASE CAP WIRA, FLX (50MM)",Miscellaneous,6.00
FAN BELT MYVI 1.3 LB 11` (4PK1630),Belts & Timing,38.00
"VALVE COVER HOSE KLS, KNR (LONG) --> AIR FILTER",Filters,15.00
D/S BOOT WIRA 1.6 (IN),Uncategorized,15.00
"DISC PAD RR X-TRAIL T30 T32, TEANA J32, L33L, SERENA C24 C26L, MURANO Z50 Z51",Brake Components,65.00
"WIPER BLADE RR 12`` ALZA,AXIA,INNOVA,ACR50",Exterior & Accessories,16.00
BUMPER RR SV4 96~98,Uncategorized,190.00
"BRAKE PUMP F/RH V99, V58 1 1/4`` (NO ADJ)",Brake Components,50.00
"BRAKE PUMP F/LH V99, V58 1 1/4`` (ADJ)",Brake Components,50.00
"BRAKE PUMP F/LH V99, V58 1 1/4`` (NO ADJ)",Brake Components,50.00
"OIL FILTER SAFARI, CABSTAR",Filters,15.00
"ARM R/RH WIRA 1.6, WAJA, GEN 2, PSN, PREVE (B)",Suspension & Mountings,50.00
"ARM R/LH WIRA 1.6, WAJA, GEN 2, PSN, PREVE (B)",Suspension & Mountings,50.00
COIL SPRING RUBBER WIRA RR 1 1/2``,Suspension & Mountings,8.00
"BRAKE SWITCH AXIA, BEZZA, MYVI D20N, ALZA 12`, ARUZ, ATIVA ( 4PIN )",Brake Components,35.00
"OIL SEAL CAM KLS, KNR, VIVA/ BLM FLX (ATM CONVERTER)",Seals & Gaskets,18.00
WATER PUMP WAJA 1.6,Cooling System,68.00
FAN BELT 13X825,Belts & Timing,14.00
GEAR LEVEL CABLE C22 PICKUP (RH) REV,Uncategorized,100.00
WIPER ARM LH WIRA,Suspension & Mountings,20.00
PWR WINDOW GEAR F/RH WIRA (TIGA SEGI),Uncategorized,38.00
STAB BUSH FRT P/SG (14MM),Suspension & Mountings,2.00
ABS RR TUCSON KYB,Brake Components,140.00
ABS COVER FRT SONATA YF,Brake Components,35.00
"SPARE TANK NPR, HICOM 4.3",Uncategorized,50.00
"STAB BUSH FRT S9A, S7A (27MM)",Suspension & Mountings,10.00
"ABS BUSH RR SR4, SO4, S10",Brake Components,7.00
"STAB BUSH LH GSR50, MHH10, GGH20",Suspension & Mountings,30.00
AUTO FILTER SET GUN125,Uncategorized,85.00
"D/S BOOT VIOS NCP42, NCP93 (IN)",Uncategorized,15.00
"D/S BOOT AE92, ALTIS (OUT)",Uncategorized,14.00
"AIR FILTER NHR, NPR, YU41, HICOM 4.3",Filters,28.00
"SUSP ROD KIT PAJERO, TRP",Uncategorized,8.00
SPRING BUMPER FRT PAJERO (LOW),Suspension & Mountings,25.00
BALL JOINT LOW PAJERO L049,Suspension & Mountings,40.00
"C.V.JOINT PJR V6, STORM (25X56X28)",Suspension & Mountings,120.00
"TIE ROD END PJR V6, STORM (OUT)",Suspension & Mountings,85.00
UPPER ARM PAJERO,Suspension & Mountings,170.00
COPPER WASHER 11MM,Miscellaneous,1.00
"OIL SEAL ATM SEL, TMO, T9A, S10, SWA, SDA, TAO, SNA, HRV T7A (RH LINE)",Seals & Gaskets,28.00
ABS LINK RR TUCSON,Brake Components,38.00
STAB BUSH RR TUCSON,Suspension & Mountings,12.00
"V-TEC O RING SNA 1.8, TAO, SWA, HRV, SMA, T7A",Uncategorized,35.00
STARTER SUBARU IMPREZA,Uncategorized,380.00
"STAB BUSH FRT TUCSON IX35 2.0 2.4 10-14`, SPORTAGE SL 10-14`",Suspension & Mountings,30.00
ABS LINK F/LH GETZ,Brake Components,38.00
"ATM GSK VIOS, ALTIS",Uncategorized,42.00
"DISC PAD FRT VIOS NCP93, YARIS, ALZA 13` (DRUM)",Brake Components,105.00
GEAR LEVEL BUSH KANCIL (RUBBER),Suspension & Mountings,8.00
"WIPER BLADE BLM, SYLPHY, MYVI LB",Exterior & Accessories,20.00
"OIL SEAL D/S KLS, KNR, MYVI, VIVA, ALZA, AXIA RH",Seals & Gaskets,25.00
"OIL FILTER NAVARA D40T, D23, E26 NV350",Filters,16.00
OIL FILTER CANTER 4D31,Filters,14.00
"OIL FILTER TROOPER, CANTER 4X4",Filters,16.00
"OIL SEAL CAM AE80,EE80, AE101 // MYVI 1.3, ALZA, AVANZA 1.3 1.5, RUSH=TIMING (VITON)",Seals & Gaskets,15.00
"D/S BOOT MYVI LB, ALZA, LIVINA (IN)",Uncategorized,15.00
"COUPLING PRADO, HZJ45 (32X92) UJ-234 MT",Uncategorized,45.00
"OIL SEAL TIMING P/SG, GEN 2",Seals & Gaskets,12.00
OIL SEAL CAM GEN 2,Seals & Gaskets,15.00
CYL HEAD HOUSING PIPE M9 (L-SHAPE),Miscellaneous,12.00
"DRIVE SHAFT RH WAJA, GEN 2 (LONG)",Uncategorized,170.00
OIL SEAL TIMING FRONTIER (VITON),Seals & Gaskets,24.00
WATER JACKET 40MM,Uncategorized,2.00
"CLUTCH DISC FRONTIER, NAVARA, HICOM, D-MAX 10``",Uncategorized,290.00
BEARING CLUTCH FRONTIER D22,Uncategorized,78.00
OIL FILTER FRONTIER D22,Filters,15.00
BOLT M8X25,Miscellaneous,2.00
FAN BELT TRITON 2.5,Belts & Timing,65.00
"TIE ROD END KUN25, FORTUNER TGN51",Suspension & Mountings,115.00
"BALL JOINT TOP KUN25, INNOVA, GUN125",Suspension & Mountings,68.00
STG RACK MAXI,Uncategorized,190.00
"ABS MTG FRT ALTIS 98`-07` ZZE121 ZZE122, WISH ZNE10 ANE10",Brake Components,70.00
"OIL SEAL FLY SM4, SO4, SX8",Seals & Gaskets,35.00
"BEARING RW MYVI D20N 17` , BEZZA 17'",Uncategorized,150.00
"CAP SEAL KANCIL, KLS, VIVA 850",Seals & Gaskets,10.00
"CLUTCH PUMP LOW KM36, UNSER, YH80 13/16``",Uncategorized,35.00
"AIR FILTER LH80, RUSA, UNSER, LY100 (17801-54070, 17801-05020)",Filters,18.00
"BEARING CLUTCH 3L, LN106, LH113",Uncategorized,60.00
"BRAKE SHOE RR LATIO 1.8, LIVINA 1.6, 1.8",Brake Components,85.00
"FAN BELT LATIO 1.6, LIVINA 1.6, NV200 (7PK1140)",Belts & Timing,70.00
"OIL PUMP O RING KANCIL, KLS, KNR, VIVA, MYVI 1.0",Uncategorized,10.00
DIST KANCIL (NEW),Uncategorized,150.00
"OIL PAN GSK CRV S10, SR4 T/C B16A",Uncategorized,25.00
AXLE NUT RR V99,Suspension & Mountings,18.00
"BEARING FW V57, V99 (INNER), NHR RW",Uncategorized,52.00
ABS SENSOR F/RH EXORA,Brake Components,95.00
"BY PASS HOSE GEN 2, PSN, BLM, FLX, NEO (LONG)",Miscellaneous,23.00
VALVE COVER GSK FRONTIER D22,Seals & Gaskets,28.00
TIMING COVER GSK FRONTIER (RUBBER),Seals & Gaskets,25.00
FUEL HOSE 5MM,Miscellaneous,2.50
DRAG LINK HICOM MTB140 28``,Uncategorized,160.00
DISC ROTOR FRT SWIFT 04` 1.5 RS415,Brake Components,161.00
09.A185.11 PG 408 1.6 FRT DISC ROTOR,Brake Components,138.00
08.A858.17 PG408 1.6 RR DISC ROTOR,Brake Components,351.00
L54005 DOT 4 BRAKE FLUID 500ML,Engine Oils & Fluids,14.85
FUEL TANK HOSE WIRA (B),Miscellaneous,20.00
OIL SEAL KIT FW WIRA,Seals & Gaskets,10.00
"BEARING FW LATIO, LIVINA",Uncategorized,150.00
"LOWER ARM RH LATIO, LIVINA, SYLPHY (6 MONTHS WARRANTY)",Suspension & Mountings,120.00
WATER HOSE TOP HICOM 4.3,Miscellaneous,26.00
WATER HOSE LOW HICOM 4.3,Miscellaneous,28.00
WATER PUMP HOSE HICOM 4.3,Cooling System,16.00
DOOR GLASS R/RH MYVI LB,Exterior & Accessories,85.00
BEARING G.BOX,Uncategorized,28.00
OIL SEAL MAIN KBR DVVT (VITON),Seals & Gaskets,18.00
"BEARING CLUTCH KBR, RUSA, G100, AVANZA, VIVA 660 850",Uncategorized,58.00
