CUSTOMER NAME,DESCRIPTION,QTY
Customer_CS-M2401/00002,"OIL SEAL FW MAXI = SORENTO, NAZA RIA RW (OUTER)",1
Customer_CS-M2401/00002,OIL SEAL FW YU41,2
Customer_CS-M2401/00002,LOWER ARM BUSH FRT MAXI,2
Customer_CS-M2401/00002,UPPER ARM BUSH MAXI (B),2
Customer_CS-M2401/00002,UPPER ARM BUSH FRT MAXI (S),2
Customer_CS-M2401/00002,FAN BELT 13X890,1
Customer_CS-M2401/00002,DRAG LINK YU41,1
Customer_CS-M2401/00002,OIL SEAL PINION LN106,1
CASH L,"WATER PUMP VIOS NCP42, NCP93, NCP150 1NZ",1
CASH L,"ATF OIL HONDA ATF DW-1 1 LITRE *SWA, TMO, SNA, SNL, S5A, TAO,TRO,TOA",3
Customer_CS-M2401/00004,OIL SEAL G.BOX KBR (RR),1
Customer_CS-M2401/00004,"AIR FILTER KBR 1.3, AVANZA 1.3",1
Customer_CS-M2401/00004,"BY PASS JOINT AVANZA, KBR DVVT (IRON)",1
Customer_CS-M2401/00004,BRAKE FLUID DOT 4 (BIG),1
Customer_CS-M2401/00004,WASHER 16MM (ALM),1
Customer_CS-M2401/00004,GEAR OIL HONCHI EP90 1 LITRE,1
Customer_CS-M2401/00004,FAN BELT 9.5X715,1
Customer_CS-M2401/00004,"MAIN FUSE 30A (HONDA,WAJA)",1
Customer_CS-M2401/00004,GUM W/S SEALANT,2
Customer_CS-M2401/00004,ABS MTG FRT ALZA,2
Customer_CS-M2401/00004,ATF OIL HONCHI DEXTRON III 1 LITRE,1
Customer_CS-M2401/00008,ENG OIL CASTROL GTX 20W50 4 LITRES,1
IJ WORKSHOP (TRANSFER),ENG OIL LUBRIMAXX PERFORMAX 15W40 CH4/SL 7 LITRES,1
IJ WORKSHOP (TRANSFER),"STG RACK BUSH RH P/SG, WIRA, WAJA",1
IJ WORKSHOP (TRANSFER),"STG RACK BUSH LH WIRA, WAJA",1
IJ WORKSHOP (TRANSFER),SILICONE HI-TEMP GREY,1
Customer_CS-M2401/00011,STICKER PVC,1
CASH CARD,"THERMOSTAT GEN 2, PERSONA, NEO, EXORA, BLM",1
Customer_CS-M2401/00014,ENG OIL PERODUA 10W30 3 LITRES,1
Customer_CS-M2401/00014,ENG OIL LUBRIMAXX MULTIVALVE 15W40 SL/CF 4 LITRES,1
Customer_CS-M2401/00014,OIL FILTER KANCIL,2
Customer_CS-M2401/00014,OIL FILTER WIRA,1
FAKHRUL (TRANSFER),FAN BELT KANCIL ALT 9.5X775,1
DIN,"OIL SEAL FLY KANCIL, KLS, KNR, VIVA 850, MYVI 1.0 (VITON)",1
DIN,"OIL SEAL ATM KANCIL, KLS, KNR, VIVA 850, MYVI 1.3, LB 1.3, AVANZA 1.3, KEMBARA",1
DIN,SILICONE HI-TEMP GREY,1
DIN,"D/S BOOT KLS, KNR, VIVA, TMO, AXIA, BEZZA 1.0 (IN)",1
DIN,"AUTO FILTER SET KANCIL, KLS, KNR, VIVA",1
DIN,"WIPER BLADE ALTIS, X-TRAIL, ALZA, EXORA, PREVE, RANGER T6",1
DIN,"DISC PAD FRT VIVA, JUARA, MIT MIRAGE 15`",1
DIN,"OIL SEAL GEAR LEVEL SO4 (ATM), MYVI (ATM)",1
CASH (QR),OIL FILTER WIRA,1
TAMBI TURBO,GEAR OIL HONCHI EP140 1L,4
TAMBI TURBO,"BEARING RW NPR 3.9, HICOM 4.3",2
TAMBI TURBO,"OIL SEAL KIT RW NPR 3.9, HICOM 4.3 (49X100X8 & 80X113X12/22)",2
Customer_CS-M2401/00020,"COOLANT LEXUS, TOYOTA 1 LITRE",1
Customer_CS-M2401/00020,WATER HOSE TOP VIVA,1
Customer_CS-M2401/00020,WATER HOSE LOW VIVA,1
Customer_CS-M2401/00020,FENDER PRO F/RH VIVA ELITE 09`,1
Customer_CS-M2401/00024,"FAN BLADE KANCIL, MYVI (5X12``)",1
Customer_CS-M2401/00024,"FAN GUARD MYVI 1.0 1.3, VIVA",1
Customer_CS-M2401/00024,"SPARK PLUG AXIA 1.0, BEZZA 1.0 (LKR6C)",1
KONG,"THERMO SWITCH AE101, LH113, RANGER",1
HAPIS (TRANSFER),ENG OIL PERODUA 10W30 3 LITRES,1
Customer_CS-M2401/00027,FAN BELT,1
Customer_CS-M2401/00027,FAN BELT HINO 13X965,1
PAWIE,RADIATOR CAP 0.9 (BIG VALVE),1
Customer_CS-M2401/00033,GUM GSK SILICONE (GREY),1
IJ WORKSHOP,"DISC PAD FRT VIVA, JUARA, MIT MIRAGE 15`",1
CASH CARD,WATER PUMP HOSE AVANZA F601,1
MAN NO 15,ABS F/LH VIVA (GAS),1
MAN NO 15,BEARING RW VIVA (ABS),1
Customer_CS-M2401/00040,FAN BELT 13X1370,1
Customer_CS-M2401/00040,FAN BELT 17X1015,1
Customer_CS-M2401/00040,OIL SEAL TIMING NHR 4JB1 (RH),1
Customer_CS-M2401/00040,ENG OIL CASTROL GTX MODERN 15W40 4 LITRES,1
Customer_CS-M2401/00040,"FAN BELT GEN 2, BLM, PERSONA, EXORA",1
Customer_CS-M2401/00040,OIL FILTER WIRA,10
Customer_CS-M2401/00040,AIR HOSE HICOM,1
Customer_CS-M2401/00040,"FUEL FILTER KUN25, TRITON, D-MAX 12`-15`",2
Customer_CS-M2401/00040,FUEL FILTER D-MAX RT50 13` (PAPER),2
Customer_CS-M2401/00040,"DOOR INNER HANDLE LH YH80, LH80, V57, KM36, LN106, LY100",1
Customer_CS-M2401/00040,"DOOR INNER HANDLE RH YH80, LH80, V57, KM36, LN106, LY100",1
Customer_CS-M2401/00040,DOOR OUTER HANDLE LH V57,1
Customer_CS-M2401/00040,DOOR OUTER HANDLE RH V57,1
MAN SIONG FATT,SPRING BUSH KUN25 (NYLON) SMALL,4
MAN SIONG FATT,"BALL JOINT LOW KUN25, INNOVA, GUN125",2
MAN SIONG FATT,"RACK END KUN25, INNOVA",2
Customer_CS-M2401/00042,RIBBON SEALER 3/8 ``,1
Customer_CS-M2401/00042,REFLECTOR RED & YELLOW 50MM X 300MM (DIAMOND) W/SIRIM,6
AYUB AUTO SERVICE,BRAKE SHOE RR VIVA,1
AYUB AUTO SERVICE,CARB FIBRE P/SG 12V,1
CASH L,"BEARING CLUTCH KLS, KNR, MYVI 1.3, LB 1.5",1
Customer_CS-M2401/00050,ABS BUSH 779 (NYLON),4
Customer_CS-M2401/00050,ABS BUSH GR1 (NYLON),4
Customer_CS-M2401/00051,AIR FILTER NAVARA D40T,1
Customer_CS-M2401/00051,"OIL SEAL FLY P/SG, WIRA, GEN 2, WAJA, PSN, NEO (VITON)",1
Customer_CS-M2401/00051,BULB 67 12V,2
IA AFIQ,OIL FILTER KANCIL,1
IA AFIQ,BEARING GREASE 0.5KG,1
IA AFIQ,BEARING FW KANCIL,2
IA AFIQ,BEARING RW KANCIL = FLY TRITON,1
IA AFIQ,BEARING RW KANCIL (INNER),1
IA AFIQ,OIL SEAL KIT FW KANCIL (44X63X7/9.5 & 44X63X13/13.5),1
ARVIN,"AIR FILTER EXORA BOLD, PREVE, SUPRIMA",1
TAMBI TURBO,STG RACK BUSH LH MAXI,1
TAMBI TURBO,STG RACK BUSH RH MAXI,1
TAMBI TURBO,STAB BUSH FRT MAXI (D) 22MM,2
FAKHRUL,WIPER TANK HOSE VIVA (TOP),1
Customer_CS-M2401/00058,"DISC PAD FRT BLM, SAVVY, SAGA 16`, AVEO",1
Customer_CS-M2401/00059,"COOLANT LEXUS, TOYOTA 1 LITRE",2
Customer_CS-M2401/00064,FUEL HOSE 8MM,2
Customer_CS-M2401/00070,ENG OIL FUKUOKA SAE40 1 LITRE (H7),1
Customer_CS-M2401/00070,"CLIP BONNET STAND WIRA, BLM, EXORA",1
Customer_CS-M2401/00070,OIL FILTER WIRA,1
Customer_CS-M2401/00070,"WIPER BLADE WIRA, KNR 20``/17``",1
Customer_CS-M2401/00070,GEAR BUSH,2
Customer_CS-M2401/00070,NANO RAIN PROMAX 60ML,1
Customer_CS-M2401/00070,ENG OIL LUBRIMAXX MULTIVALVE 15W40 SL/CF 4 LITRES,1
Customer_CS-M2401/00070,BULB 1016 12V,2
Customer_CS-M2401/00070,ENG OIL LUBRIMAXX TROPHY 20W50 SH/CD 4 LITRES,1
HOOI WORKSHOP,"BEARING CLUTCH KLS, KNR, MYVI 1.3, LB 1.5",1
HOOI WORKSHOP,"OIL SUMP MYVI, ALZA (S)",1
HOOI WORKSHOP,ENG MTG SET MYVI (ATM),1
CASH L,TOP SET GSK SPORTAGE (OLD),1
CASH L,"HEAD GSK ALZA, AVANZA 1.3 1.5 3SZ, MYVI 1.3 1.5 (CARBON)",1
CASH L,"OIL LEVEL MYVI 1.5, ALZA 1.5",1
CASH L,"ATF OIL NISSAN MATIC S 1 LITRE ALMERA , NAVARA NP300 D23T",3
CASH L,FAN BELT ALMERA N17L (7PK1125),1
CASH L,THERMOSTAT HOUSING WIRA VDO (LOW),1
Customer_CS-M2401/00075,SILICONE HI-TEMP GREY,1
BLACK VK (TRANSFER),"OIL SEAL ATM KANCIL, KLS, KNR, VIVA 850, MYVI 1.3, LB 1.3, AVANZA 1.3, KEMBARA",1
BLACK VK (TRANSFER),OIL SEAL MAIN AVANZA,1
Customer_CS-M2401/00077,OIL FILTER HICOM 4.3,2
Customer_CS-M2401/00077,COUPLING MAXI (26.5X71) UJ-417,1
Customer_CS-M2401/00077,"COUPLING RANGER, LAND ROVER (27X81.7)",1
Customer_CS-M2401/00077,"KING PIN KIT NPR , HICOM IMP (16MM BRG)",1
Customer_CS-M2401/00077,TIE ROD END HICOM 4.3,1
Customer_CS-M2401/00077,LEAF SPRING,1
Customer_CS-M2401/00077,GUM GSK SILICONE (GREY),3
Customer_CS-M2401/00077,BRAKE SHOE NHR F=R,1
CASH PSN (CARD),"THERMOSTAT GEN 2, PERSONA, NEO, EXORA, BLM",1
CASH PSN (CARD),"CLIP THERMOSTAT GEN 2, BLM, NEO",1
CASH PSN (CARD),"COOLANT LEXUS, TOYOTA 1 LITRE",1
CASH PSN (CARD),SILICONE HI-TEMP GREY,1
TAMBI TURBO (TRANSFER),"FUEL FILTER WAJA 1.6, GEN 2, BLM, SAVVY",1
TAMBI TURBO (TRANSFER),"FAN BELT PREVE, BLM FLX, EXORA BOLT, SUPRIMA, IRIZ",1
TAMBI TURBO (TRANSFER),NANO RAIN PROMAX 60ML,1
TAMBI TURBO (TRANSFER),"COIL RUBBER BLM, FLX, PSN, PREVE (W/RESISTANCE)",4
TAMBI TURBO (TRANSFER),"VALVE COVER GSK BLM, FLX, PSN, EXR BOLD, PREVE, IRIZ",1
TAMBI TURBO (TRANSFER),OIL FILTER WIRA,1
DIN,TIMING KIT SET P/SG 12V,1
IJ WORKSHOP,"ATF OIL PERODUA D3-SP 1 LITRE (MYVI, ALZA, BEZZA, AXIA)",4
IJ WORKSHOP,"AUTO FILTER SET MYVI LB 1.5, MYVI D20N, ALZA 14`, AXIA, BEZZA, ARUZ (35303-BZ010)",1
Customer_CS-M2401/00087,"ARM RR WAJA, GEN 2, PSN L=R (LONG)",2
IA AFIQ,ENG OIL LUBRIMAXX TROPHY 20W50 SH/CD 4 LITRES,1
Customer_CS-M2401/00090,"KING PIN KIT NPR, HICOM 4.3, NKR (14MM)",1
Customer_CS-M2401/00090,OIL FILTER YU41 T5 (BY PASS),1
Customer_CS-M2401/00091,ENG OIL FUKUOKA SAE40 1 LITRE (H7),1
Customer_CS-M2401/00091,BEARING RW P/SG,4
Customer_CS-M2401/00091,OIL SEAL RW P/SG,2
Customer_CS-M2401/00091,ABS MTG BUSH FRT P/SG (M),2
Customer_CS-M2401/00091,BULB H4 12V 60/55W,1
Customer_CS-M2401/00091,MUDFLAP 12`` X 16``,1
Customer_CS-M2401/00091,STICKER PVC,1
Customer_CS-M2401/00091,ENG OIL FUKUOKA SAE40 1 LITRE (H7),1
Customer_CS-M2401/00091,"THERMOSTAT PDN V6, WIRA 1.6, WAJA 1.6",1
Customer_CS-M2401/00091,THROTTLE BODY HOSE PERDANA V6,1
Customer_CS-M2401/00091,BY PASS HOSE PDN V6,1
Customer_CS-M2401/00091,ENG OIL CASTROL MAGNETEC 10W40 4 LITRES,1
Customer_CS-M2401/00091,ENG OIL FUKUOKA SAE40 1 LITRE (H7),1
DIN,DIST O RING KANCIL (VITON),1
DIN,BY PASS HOSE P/SG (U),1
DIN,ENG MTG SET KANCIL (AT/MT) *1 YEAR WARRANTY,1
DIN,ENG OIL PERODUA 10W30 3 LITRES,1
DIN,OIL SEAL CAM KANCIL,1
DIN,STOPPER 8MM,1
DIN,STOPPER 15MM,1
DIN,STOPPER 11MM,1
SUPER SPEED,LOWER ARM LH P/SG (W/BUSH),1
SUPER SPEED,LOWER ARM RH P/SG (W/BUSH),1
SUPER SPEED,BY PASS HOSE P/SG 12V (S),1
SUPER SPEED,"WATER PUMP PIPE P/SG 12V, ISWARA",1
SUPER SPEED,"DISC PAD FRT P/SG 12V, ISWARA, WIRA 1.5",1
Customer_CS-M2401/00095,"COOLANT LEXUS, TOYOTA 1 LITRE",1
Customer_CS-M2401/00095,ENG OIL SYNTIUM 800 10W40 4 LITRES (SEMI SYNTHTIC),1
Customer_CS-M2401/00095,"SPARK PLUG GEN 2, PERSONA, BLM, FLX, EXORA (G-POWER)",1
Customer_CS-M2401/00095,2 TON GUM PROXY 5 MINUTES,1
Customer_CS-M2401/00095,ENG ROD RR SATRIA NEO,1
Customer_CS-M2401/00099,RIBBON SEALER 3/8 ``,1
IWAN SOT GARAGE // (PAID RM110),LOWER ARM RH ALZA (6 MONTHS WARRANTY),1
IWAN SOT GARAGE // (PAID RM110),STAB BUSH FRT ALZA (25MM),2
IWAN SOT GARAGE // (PAID RM110),"STG RACK BUSH LH MYVI, ALZA, VIVA (BIG)",1
CASH L,FAN BELT ALMERA N17L (7PK1125),1
CASH CARD,SPRING BUSH RR UNSER,8
CASH CARD,"ABS FRT UNSER, KM36 (GAS)",2
IJ WORKSHOP,WATER JACKET 45MM (STEEL) 100% 3L,1
IJ WORKSHOP,WATER JACKET 50MM,1
Customer_CS-M2401/00106,WATER HOSE CTR LH80,1
Customer_CS-M2401/00107,"GEAR LEVEL CABLE BUSH MYVI, ALZA, TYT, RANGER T6",1
Customer_CS-M2401/00107,ENG OIL FUKUOKA SAE40 1 LITRE (H7),2
Customer_CS-M2401/00107,"WATER PUMP PIPE P/SG 12V, ISWARA",1
IA  AFIQ,ATF OIL HONCHI DEXTRON III 1 LITRE,1
IA  AFIQ,BRAKE FLUID DOT 4 (BIG),1
IA  AFIQ,ABS LINK FRT ALZA,2
CASH (CARD),OIL FILTER KANCIL,1
FAN BANK IN 08/01/2024,"ABS MTG FRT KANCIL, KLS, KNR, MYVI, LB, ICON, VIVA, AXIA",2
FAN BANK IN 08/01/2024,"ABS COVER FRT MYVI, ALZA, VIVA, AXIA",2
DIN,"VALVE COVER GSK KLS, KNR",1
DIN,ENG OIL PERODUA 10W30 3 LITRES,1
DIN,MAIN FUSE 20A (WIRA),1
DIN,"OIL NUT KANCIL, SJ410",2
DIN,WASHER 12MM (ALM),4
DIN,"BEARING FW KLS, KNR, VIVA, MYVI",1
SUPER SPEED,"SPARK PLUG WIRA 1.5 FEI, C22",1
IJ WORKSHOP,STARTER BLM (ATM) (HIGHT SPEED),1
Customer_CS-M2401/00115,"DISC PAD RR SWA, TOA, T2A",1
Customer_CS-M2401/00115,OIL FILTER HONDA,1
Customer_CS-M2401/00115,ENG OIL HONDA 5W30 SP 4 LITRES (SEMI-SYNTHETIC),1
CASH L,"WATER PUMP PJR V34 V44, STORM, LORIMAS, TRITON (2WD)",1
CASH L,"PLUG CABLE CITRA 2.0, MATRIX 1.8, ELANTRA 1.8, CARENS II 2.0",1
ZUR,D/S BOOT MATRIX (IN),1
Customer_CS-M2401/00122,WIPER BLADE 14`` AXIA,1
MAN DIN,"STG RACK BUSH RH KLS, KNR",1
Customer_CS-M2401/00124,"BEARING CLUTCH P/SG, WIRA",1
Customer_CS-M2401/00124,"OIL SEAL FLY P/SG, WIRA, GEN 2, WAJA, PSN, NEO (VITON)",1
Customer_CS-M2401/00124,COCK T3000 11/16'',5
Customer_CS-M2401/00124,ENG OIL PERODUA 5W30 4 LITRES (SEMI-SYNTHETIC),1
Customer_CS-M2401/00127,BY PASS HOSE WIRA 1.6,1
Customer_CS-M2401/00127,THROTTLE BODY HOSE WIRA 1.6,1
Customer_CS-M2401/00127,THROTTLE BODY HOSE WIRA 1.5,1
Customer_CS-M2401/00128,WHEEL NUT 1.5M X 21MM (CHROME) LONG,6
AYUB AUTO SERVICE,CLIP D/S BOOT (B),2
AYUB AUTO SERVICE,CLIP D/S BOOT (S),1
CASH L,PLUG CABLE WIRA 1.6,1
CASH L,PISTON RING P/SG 12V 1.3 STD (71MM),1
Customer_CS-M2401/00139,OIL SEAL FLY HICOM 4.3 4HF1 (104X139X13),1
Customer_CS-M2401/00139,"H/B SHOE NPR, HICOM 4.3 MTB170",1
Customer_CS-M2401/00139,"LONGSHAFT MTG CANTER FB300, FE639 (35MM)",1
Customer_CS-M2401/00139,ENG MTG FRT WIRA (MTM),1
Customer_CS-M2401/00139,"D/S BOOT WIRA, WAJA (OUT)",1
Customer_CS-M2401/00139,ENG MTG FR CABSTAR F22,2
Customer_CS-M2401/00139,"DISC PAD FRT P/SG 12V, ISWARA, WIRA 1.5",1
Customer_CS-M2401/00139,AIR FILTER PJR P,1
Customer_CS-M2401/00139,LONGSHAFT MTG KEMBARA J100,1
Customer_CS-M2401/00139,DRIVE SHAFT JOINT GREASE,1
Customer_CS-M2401/00139,D/S BOOT MATRIX (IN),1
Customer_CS-M2401/00140,ALT PIPE PJR V6,1
Customer_CS-M2401/00141,ENG OIL FUKUOKA SAE40 1 LITRE (H7),1
Customer_CS-M2401/00141,RIBBON SEALER 3/8 ``,1
Customer_CS-M2401/00141,BULB H11 12V 55W,1
Customer_CS-M2401/00141,ENG OIL TREATMENT LUBRIMAXX 350ML,1
Customer_CS-M2401/00141,PETROL INJECTOR CLEANER LUBRIMAXX 350ML,1
Customer_CS-M2401/00141,ANTI-RUST SPRAY,1
Customer_CS-M2401/00141,BULB H4 12V 60/55W,1
Customer_CS-M2401/00141,BULB 4090 12V 5W,1
DIN,BRAKE FLUID DOT 4 (BIG),1
DIN,ATF OIL PERODUA DEXRON-III 1 LITRE,2
DIN,BRAKE PUMP RR KANCIL 9/16``,2
Customer_CS-M2401/00144,BRAKE FLUID DOT 4 (BIG),1
Customer_CS-M2401/00144,OIL FILTER WIRA,1
Customer_CS-M2401/00144,GEAR OIL HONCHI EP90 1 LITRE,2
Customer_CS-M2401/00144,CLUTCH PUMP TOP WIRA 5/8``,1
TAMBI TURBO,"VALVE COVER HOSE GEN 2, BLM, WAJA CAMPRO (SHORT)",1
TAMBI TURBO,"TIMING KIT SET GEN 2, PSN, BLM, EXORA, NEO, WAJA CAMPRO",1
TAMBI TURBO,"WATER PUMP GEN 2, BLM, FLX,  PERSONA, NEO, EXORA, PREVE, SAGA VVT, IRIZ",1
TAMBI TURBO,"FAN BELT GEN 2, BLM, PERSONA, EXORA",1
TAMBI TURBO,"PLUG CABLE EXORA CPS, EXORA BOLD, PREVE, BLM FLX, PSN CPS (LONG) = GEN 2, WAJA CAMPRO, PSN, BLM",1
WLC 6869 (TRANSFER),TTB PIPE SEL,1
WLC 6869 (TRANSFER),BREATHER RUB SEL,1
WLC 6869 (TRANSFER),LABOUR CHARGE,1
Customer_CS-M2401/00150,"ATF OIL LUBRIMAXX D-III 4 LITRES (PROTON, PERODUA, HYUNDAI, KIA)",1
Customer_CS-M2401/00150,ENG MTG LH WIRA 1.5,1
Customer_CS-M2401/00153,BULB 4090 12V 5W,1
IA AFIQ,BRAKE PIPE 3/16 X 32``,1
IA AFIQ,PLUG CABLE KANCIL,1
WAN AUTO SERVICE,OIL FILTER WIRA,1
IJ WORKSHOP,STOPPER 8MM,2
TAMBI TURBO,OIL FILTER WIRA,1
Customer_CS-M2401/00166,"SPARK PLUG WIRA 1.5 FEI, C22",1
Customer_CS-M2401/00166,"WIPER BLADE WIRA, KNR 20``/17``",1
Customer_CS-M2401/00166,ENG OIL FUKUOKA SAE40 1 LITRE (H7),1
DIN,FAN BELT KANCIL ALT 9.5X775,1
DIN,FAN BELT 9.5 X 675 KANCIL A/C,1
DIN,AIR FILTER KANCIL,1
IA AFIQ,"COIL SPRING RUBBER MYVI, KLS, KNR, ALZA RR (TOP)",2
Customer_CS-M2401/00175,"AIR FILTER MYVI 1.0, VIVA 1.0",1
Customer_CS-M2401/00175,"DISC PAD FRT VIVA, JUARA, MIT MIRAGE 15`",1
Customer_CS-M2401/00176,H/B ADJ KIT CANTER FE639,1
Customer_CS-M2401/00176,CANTER 639 H/B CABLE TSK,1
Customer_CS-M2401/00176,"RADIATOR CAP 1.1 (BIG VALVE) SM4, MYVI",5
CYM,"ABS RR C20, C22, SJ410, T3000, NHR, HICOM 2.8, KIA CERES (OIL)",2
Customer_CS-M2401/00182,BULB 1016 12V,2
Customer_CS-M2401/00182,BULB 4090 12V 5W,2
Customer_CS-M2401/00183,DISC PAD FRT KANCIL,1
IJ WORKSHOP,TIMING COVER BUSH KANCIL (SET) SILICON,1
IJ WORKSHOP,"FUEL FILTER NAVARA D40T, E25",1
Customer_CS-M2401/00187,STOPPER 18MM,2
Customer_CS-M2401/00189,DISC PAD FRT CABSTAR TD27,1
Customer_CS-M2401/00189,"DISC PUMP SEAL FRT CABSTAR TD27, SAFARI",1
Customer_CS-M2401/00189,BRAKE SHOE RR CABSTAR TD27,1
Customer_CS-M2401/00189,BRAKE PUMP RR CABSTAR TD27 3/4``,2
Customer_CS-M2401/00189,FAN BELT 9.5X890,1
Customer_CS-M2401/00189,SIDE MIRROR LH V57,1
Customer_CS-M2401/00189,"OIL SEAL FW V57, V99",1
Customer_CS-M2401/00189,BALL JOINT LOW RANGER WL,2
Customer_CS-M2401/00189,TIE ROD END RANGER (OUT),1
Customer_CS-M2401/00189,TIE ROD END RANGER (IN),1
Customer_CS-M2401/00189,BEARING FW RANGER 08` ABS,2
Customer_CS-M2401/00189,"LOWER ARM BUSH FRT RANGER WL, BT50 (S)",2
Customer_CS-M2401/00189,LOWER ARM BUSH FRT RANGER WL (B),2
Customer_CS-M2401/00189,"OIL SEAL PINION E1400, D/S SPORTAGE",1
Customer_CS-M2401/00189,OIL SEAL D/S RANGER WL,1
Customer_CS-M2401/00189,WIPER BLADE 18``,2
Customer_CS-M2401/00189,UPPER ARM RH RANGER WL,1
Customer_CS-M2401/00190,"GEAR LEVEL CABLE BUSH MYVI, ALZA, TYT, RANGER T6",3
Customer_CS-M2401/00190,ENG OIL FUKUOKA SAE40 1 LITRE (H7),1
Customer_CS-M2401/00190,GUM W/S SEALANT,2
Customer_CS-M2401/00190,FAN SWITCH KANCIL,1
Customer_CS-M2401/00190,GUM W/S SEALANT,1
MAN NO.15,"SPARK PLUG GEN 2, PERSONA, BLM, FLX, EXORA (G-POWER)",1
MAN NO.15,"OIL FILTER TOYOTA, SWIFT",1
MAN DIN,BRAKE FLUID DOT 4 (BIG),1
MAN DIN,"DISC PAD FRT LATIO, LIVINA, ALMERA",1
MAN DIN,"DISC PAD PIN FRT N16 1.6, LATIO, LIVINA, ALMERA, CITRA, SWIFT RS415 (8MM) SILICON",1
Customer_CS-M2401/00197,AIR FILTER KANCIL,1
EWAN,"ABS LINK F/LH IRIZ, PERSONA 16`",1
Customer_CS-M2401/00200,"BEARING FW V57, V99, NHR (OUT)",1
Customer_CS-M2401/00200,BRAKE SHOE LOCK SPRING 50MM,2
Customer_CS-M2401/00200,ANTI-RUST SPRAY,1
CYM,BRAKE PUMP R/RH NHR 7/8`` (NO ADJ),1
CYM,BRAKE PUMP R/LH NHR 7/8`` (NO ADJ),2
CYM,BRAKE PUMP F/RH NHR 1 1/8`` (ADJ),2
CYM,BRAKE PUMP F/LH NHR 1 1/8`` (ADJ),2
CYM,BRAKE SHOE NHR F=R,2
Customer_CS-M2401/00205,ENG OIL TOYOTA 15W40 CI-4 5L,1
Customer_CS-M2401/00205,"OIL FILTER CAMRY, KUN25, MCU10, MAZDA 3, INNOVA",1
Customer_CS-M2401/00205,"FUEL FILTER KUN25, TRITON, D-MAX 2.5 12`-15`",1
Customer_CS-M2401/00205,NANO RAIN PROMAX 60ML,1
Customer_CS-M2401/00205,TAIL LAMP GARNISH LH WIRA (BODY),1
Customer_CS-M2401/00205,DOOR BUSH (COPPER) THICK,4
Customer_CS-M2401/00205,DOOR PIN 3 5/8``,2
Customer_CS-M2401/00205,"OIL FILTER CAMRY, KUN25, MCR30, MCU30",1
Customer_CS-M2401/00205,BEARING RW KANCIL = FLY TRITON,1
Customer_CS-M2401/00205,FAN BELT P/SG (ALT),1
SIVA (CARD),ENG OIL HONDA 5W30 SP 4 LITRES (SEMI-SYNTHETIC),1
Customer_CS-M2401/00207,OIL SEAL FW RANGER 08` (ABS),2
Customer_CS-M2401/00207,CABSTAR WATER PUMP,1
Customer_CS-M2401/00207,VALVE COVER BUSH HICOM 4.3 4HF1,30
Customer_CS-M2401/00207,"FUEL FILTER KUN25, TRITON, D-MAX 12`-15`",1
Customer_CS-M2401/00207,"D/S BOOT TX5, PDN V6, RANGER, HARRIER ACR30, D-MAX (OUT)",2
Customer_CS-M2401/00207,UPPER ARM LH RANGER WL,1
Customer_CS-M2401/00207,STICKER PVC,5
Customer_CS-M2401/00207,FAN BELT 13X1525 ( NPR PRO ),1
Customer_CS-M2401/00207,"FAN BELT 3L (ALT), HICOM 4.3 13X990",2
Customer_CS-M2401/00207,BEARING RW KANCIL = FLY TRITON,1
Customer_CS-M2401/00207,"AIR FILTER KUN25, INNOVA, RANGER 08`",1
Customer_CS-M2401/00207,HALF MOON SEAL HICOM 4.3,2
Customer_CS-M2401/00207,"SPRING BUSH NPR,HICOM 4.3 (LONG) 16MM",1
FAN BANK IN 10/01/2024,OIL FILTER HONDA,1
Customer_CS-M2401/00209,STG BOOT B13,1
CASH L,"UPPER ARM FRT SPORTAGE, PREGIO",1
CASH L,"BEARING FW LN106, LN65, PJR, SPORTAGE, RANGER, KIA CERES",1
CASH L,"BEARING FW LASER, SPORTAGE, RANGER",1
CASH L,AXLE NUT FRT RANGER,1
CASH L,AXLE WASHER FRT RANGER,1
WAN AUTO SERVICE,"TIE ROD END C20, C22 (OUT)",1
WAN AUTO SERVICE,IDLER ARM C22 (LH),1
WAN AUTO SERVICE,CENTER ROD C22,1
BLACK VK (TRANSFER),DOOR OUTER HANDLE RH P/SG 12V,1
TAMBI TURBO,OIL FILTER KANCIL,1
Customer_CS-M2401/00219,ABS BUSH,2
DIN,"THERMOSTAT GEN 2, PERSONA, NEO, EXORA, BLM",1
DIN,"TIMING KIT SET GEN 2, PSN, BLM, EXORA, NEO, WAJA CAMPRO",1
DIN,"COOLANT LEXUS, TOYOTA 1 LITRE",1
DIN,"WATER PUMP GEN 2, BLM, FLX,  PERSONA, NEO, EXORA, PREVE, SAGA VVT, IRIZ",1
DIN,"BMC KEMBARA, KBR DVVT 7/8``",1
DIN,BRAKE FLUID DOT 4 (BIG),1
DIN,FAN BELT TENSIONER BLM FLX (W/BOLT),1
IA AFIQ,OIL FILTER WIRA,2
IA AFIQ,"CABIN FILTER ALZA, MYVI LB 1.5, AXIA, BEZZA, ARUZ, AVANZA F651",1
IA AFIQ,"OIL FILTER AXIA, BEZZA, ARUZ, MYVI D20N",1
TAM SOOK,LOWER ARM BUSH FRT KUN25 (S),2
TAM SOOK,"OIL SEAL PINION LN166, KDH200, KUN25, KUN26",1
TAM SOOK,"OIL SEAL D/S KUN25, PRADO KZJ95 LH",1
TAM SOOK,"OIL SEAL D/S KUN25, PRADO RH",1
CASH TRANSFER,RADIATOR CAP 1.1 SR4 (SMALL VALVE),1
CASH TRANSFER,"THERMOSTAT KANCIL, ATOS 1.0",1
CASH TRANSFER,FAN SWITCH KANCIL,1
Customer_CS-M2401/00236,WIPER NOZZLE VIOS NCP42,1
Customer_CS-M2401/00236,GUM W/S SEALANT,1
Customer_CS-M2401/00236,"BONNET BUSH 130Y, MYVI, MYVI LB (B)",1
Customer_CS-M2401/00236,MUDFLAP 19`` X 22``,1
Customer_CS-M2401/00236,"OIL NUT P/SG, SM4, NHR, D-MAX (14MM)",1
Customer_CS-M2401/00236,WASHER 14MM (ALM),1
Customer_CS-M2401/00236,"OIL CAP O RING P/SG, WIRA (SILICONE)",1
Customer_CS-M2401/00236,BULB 921 925 16W 12V (KLS 3RD BRAKE LAMP),1
Customer_CS-M2401/00236,STICKER PVC,1
CASH L,"TIMING BELT KUN25, KUN26 2.5 3.0 (97R25)",1
CASH L,BEARING TIMING KUN25 1KZ 2KD,1
CASH L,HAND BRAKE SWITCH HRV OEM,1
CASH L,"ABS BUSH FRT BLM, SAVVY",2
CASH L,"ABS F/RH BLM FLX, SAGA VVT 16` (GAS)",1
CASH L,"ABS F/LH BLM FLX, SAGA VVT 16` (GAS)",1
CASH L,"BALL JOINT LOW BLM, SAVVY",2
CASH L,"BEARING RW BLM, FL, AVEO, IRIZ",1
CASH L,"BRAKE SHOE RR BLM, SAVVY",1
Customer_CS-M2401/00240,"SPRING BUSH RR NPR, HICOM 4.3 (IRON) SHORT",4
Customer_CS-M2401/00240,FAN BELT 3L (P/STG) 13X785,1
Customer_CS-M2401/00240,FAN BELT 13X1120,1
Customer_CS-M2401/00240,"UPPER ARM BUSH FRT LH80, LH113, LN166, KDH200 (S)",2
Customer_CS-M2401/00240,"UPPER ARM BUSH FRT LH80, LH113, LN166, KDH200 (B)",2
Customer_CS-M2401/00240,BALL JOINT TOP LH113,2
Customer_CS-M2401/00240,OIL SEAL PINION LN106,1
Customer_CS-M2401/00240,"TIE ROD END LH80, LN166, LY100 (OUT)",1
Customer_CS-M2401/00240,"SUSP ROD KIT LH80, LH113, UNSER, BT50",1
Customer_CS-M2401/00240,ENG OIL CASTROL GTX MODERN 15W40 4 LITRES,1
Customer_CS-M2401/00240,"WATER PUMP NHR, D-MAX (O) 4JA1 4JB1",1
Customer_CS-M2401/00240,"CLUTCH DISC KUN26, GUN125 11`",1
Customer_CS-M2401/00240,WIPER BLADE 18``,2
Customer_CS-M2401/00240,FAN BELT 13X835,1
IA AFIQ,VALVE COVER GSK TCR11,1
IA AFIQ,DISC PAD CALIPER R/RH GEN 2,1
IA AFIQ,"PWR WINDOW GEAR F/LH P/SG, GEN 2, PERSONA",1
IA AFIQ,"AIR FILTER T9A, BRV TSA, T5A",1
IA AFIQ,THROTTLE BODY CLEANER,1
IA AFIQ,"D/S BOOT MYVI, BEZZA 1.3, SWIFT, S/Z SX4 (IN)",1
Customer_CS-M2401/00242,"BRAKE PUMP RR KLS, KNR 11/16``",2
Customer_CS-M2401/00242,"KNOCK SENSOR KLS, KNR, VIVA, ACR30",1
Customer_CS-M2401/00242,BRAKE FLUID DOT 4 (BIG),1
Customer_CS-M2401/00242,ATF OIL PERODUA DEXRON-III 1 LITRE,2
KEONG,OIL FILTER WIRA,1
SIONG FATT YEE,AXLE RR SAGA VVT 16`,1
Customer_CS-M2401/00246,"SPARK PLUG WIRA 1.5 FEI, C22",1
CASH TRANSFER,CLUTCH PUMP LOW KUN25 3/4``,1
CASH TRANSFER,BRAKE PUMP RR KUN25 7/8``,2
CASH TRANSFER,"BRAKE SHOE RR KUN25, FORTUNER (W/PLATE)",1
CASH TRANSFER,BRAKE FLUID DOT 4 (BIG),1
DIN,PWR STG FLUID HONDA 1 LITRE,1
DIN,DISC ROTOR FRT KANCIL,1
DIN,DISC PAD FRT KANCIL,1
KONG,EXH PIPE GSK V57 (50X68),1
SIVA,"BRAKE SHOE RR KANCIL, KLS, KNR",1
SIVA,THROTTLE BODY CLEANER,1
SIVA,BRAKE FLUID DOT 4 (BIG),1
MAN DIN,"OIL SEAL KIT FW WAJA, PERDANA, EXORA",2
MAN DIN,"WHEEL BOLT P/SG, WIRA M14X12X1.5X65L (EXTRA LONG)",8
MAN DIN,"LOWER ARM LH WAJA, GEN 2, PSN",1
MAN DIN,"LOWER ARM RH WAJA, GEN 2, PSN",1
Customer_CS-M2401/00260,OIL FILTER WIRA,1
Customer_CS-M2401/00261,BRAKE PUMP RR LH80 7/8``,2
Customer_CS-M2401/00261,OIL SEAL PINION RANGER (VITON),1
Customer_CS-M2401/00261,"OIL SEAL TIMING NHR 4JB1, KUN25 (RH)",1
Customer_CS-M2401/00261,WHEEL NUT 1.5M X 19MM (CHROME) LONG,6
Customer_CS-M2401/00261,FAN BELT 17X1250,1
Customer_CS-M2401/00261,WIPER BLADE ISWARA,1
Customer_CS-M2401/00261,"H/B SHOE NPR, HICOM 4.3 MTB170",1
Customer_CS-M2401/00261,"OIL SEAL BAL PJR, PERDANA, CLUTCH P/SG (RH LINE)",1
Customer_CS-M2401/00261,"OIL SEAL D/S P/SG, WIRA, PDN",1
Customer_CS-M2401/00261,FAN BELT 13X965,1
Customer_CS-M2401/00261,"FUEL FILTER KUN25, TRITON, D-MAX 12`-15`",1
Customer_CS-M2401/00261,OIL SEAL MAIN NHR,1
TAMBI TURBO,"SUSP ROD KIT P/SG, WIRA (WHITE NYLON)",2
TAMBI TURBO,LOWER ARM RH WIRA (6 MONTHS WARRANTY),1
TAMBI TURBO,LOWER ARM LH WIRA (6 MONTHS WARRANTY),1
TAMBI TURBO,D/S BOOT WIRA 1.5 (IN),1
TAMBI TURBO,"D/S BOOT WIRA, WAJA (OUT)",1
TAMBI TURBO,ABS MTG FRT WIRA *6 MONTHS WARRANTY*,2
IJ WORKSHOP,FUEL HOSE 10MM PAJERO,2
IJ WORKSHOP,FUEL HOSE 12MM PAJERO,2
CASH PAY25,AIR FILTER PAJERO 2.5 (TURBO),1
CASH L,DISC PAD FRT CX5 G,1
IA AFIQ,"OIL FILTER PJR, STORM",1
IA AFIQ,ATF OIL MIT SP-III (MADE IN JAPAN) 4L,1
IA AFIQ,COOLANT NISSAN 1 LITRE (BLUE),2
Customer_CS-M2401/00269,"DISC PAD FRT P/SG 12V, ISWARA, WIRA 1.5",1
Customer_CS-M2401/00269,OIL FILTER WIRA,1
Customer_CS-M2401/00269,ENG OIL LUBRIMAXX TROPHY 20W50 SH/CD 4 LITRES,1
Customer_CS-M2401/00269,ALT PIPE FRONTIER D22,1
Customer_CS-M2401/00269,OIL FILTER KANCIL,1
Customer_CS-M2401/00269,POWER RELAY 4 PIN (SMALL),1
Customer_CS-M2401/00269,WHEEL NUT 1.25MM X 21MM (L) CHROME,3
Customer_CS-M2401/00269,FUEL HOSE 10MM,4
Customer_CS-M2401/00269,BULB 1016 12V,1
Customer_CS-M2401/00269,"RADIATOR CAP WIRA, KANCIL (0.9) (SMALL VALVE)",1
EWAN,OIL FILTER HONDA,1
EWAN,"WIPER BLADE MYVI, AVANZA",1
SIONG FATT YEE,"W/S MLDG FRT HICOM 4.3, NPR",1
SIONG FATT YEE,"SIDE MIRROR NPR, HICOM 4.3, HINO DUTRO",1
KOGI // HICOM 2.8,ENG MTG HICOM 2.8,2
KOGI // HICOM 2.8,OIL COOLER PIPE,1
KOGI // HICOM 2.8,OIL COOLER HOSE,1
KOGI // HICOM 2.8,BY PASS HOSE,1
KOGI // HICOM 2.8,AIR HOSE,1
KOGI // HICOM 2.8,GEAR BOX MTG,2
TAMBI TURBO,"STG BOOT P/SG, WIRA, WAJA, VIVA (PWR)",2
Customer_CS-M2401/00277,AIR COND VACCUM P/SG 12V,1
WELLSON SONG,"OIL FILTER PJR, STORM",1
WELLSON SONG,BRAKE BOOSTER UNSER,1
WELLSON SONG,FUEL HOSE 10MM,2
Customer_CS-M2401/00284,BALL JOINT COVER P/SG,2
CASH CARD,BEARING RW KANCIL = FLY TRITON,1
CASH CARD,OIL SEAL FLY NHR,1
CASH TRANSFER,FUEL HOSE,1
SUPER SPEED,"COOLANT LEXUS, TOYOTA 1 LITRE",1
SUPER SPEED,VALVE GRINDING COMPOUND 85G,1
MAN DIN,OIL FILTER WIRA,1
MAN DIN,VALVE COVER GSK WAJA 1.6 4G18,1
MAN SIONG FATT (CARD),"OIL FILTER AXIA, BEZZA, ARUZ, MYVI D20N",1
DIN,"THERMOSTAT MYVI 1.3, LB, ALZA, KBR DVVT, AVANZA",1
DIN,WATER HOSE LOW MYVI 1.3,1
DIN,WATER HOSE TOP MYVI 1.3,1
DIN,"BY PASS HOSE MYVI 1.3, ALZA, VIVA (SHORT)",1
DIN,"BY PASS HOSE MYVI 1.3, ALZA (LONG)",1
DIN,"DISC PAD FRT P/SG 12V, ISWARA, WIRA 1.5",1
DIN,3 WAY PIPE MYVI 1.3 (M17X28),1
DIN,"RADIATOR CAP 1.1 (BIG VALVE) SM4, MYVI",1
DIN,"THROTTLE BODY SWITCH MYVI 1.3, ALZA, AVANZA (IRON)",1
DIN,"D/S BOOT MYVI, BEZZA 1.3, SWIFT, S/Z SX4 (IN)",1
DIN,DISC PAD FRT MYVI 05`,1
DIN,DISC PAD PIN FRT MYVI (8MM) SILICONE,1
DIN,STG RACK BUSH SET MYVI ( SILICONE ) 1SET=3PCS,1
DIN,"D/S BOOT MYVI, ALZA, BLM, AXIA, BEZZA, ALMERA (OUT)",1
DIN,"D/S BOOT MYVI, BEZZA 1.3, SWIFT, S/Z SX4 (IN)",1
DIN,"AUTO FILTER SET MYVI 1.3 05`-13`, ALZA (O)",1
DIN,"ABS LINK F/RH MYVI, LB",1
DIN,"ABS LINK F/LH MYVI, LB",1
DIN,"LOWER ARM RH MYVI, MYVI LB (6 MONTHS WARRANTY)",1
BLACK,DOOR GLASS MLDG RR KLS L=R,2
Customer_CS-M2401/00299,NOZZLE SEAL,4
Customer_CS-M2401/00299,VALVE COVER SEAL,4
Customer_CS-M2401/00299,BEARING RW KANCIL = FLY TRITON,1
Customer_CS-M2401/00299,CLUTCH PUMP TOP HINO DUTRO 5/8``,1
Customer_CS-M2401/00299,VALVE COVER GSK YU41,1
Customer_CS-M2401/00299,GUM GSK SILICONE (GREY),5
IA AFIQ,"BALL JOINT LOW BLM, SAVVY",1
IA AFIQ,POWER RELAY 4 PIN (SMALL),1
IA AFIQ,"CVTF OIL PROTON 4 LITRE BLM FLX, EXORA BOLD, PREVE, IRIZ",1
IA AFIQ,DRIVE SHAFT LH BLM FLX 1.3 1.6 (MTM)(SHORT),1
Customer_CS-M2401/00302,"MAINSHAFT BOLT V57, LN65, LN106, KUN25, YU41, NAVARA (10MM)",8
Customer_CS-M2401/00302,ENG OIL FUKUOKA SAE40 1 LITRE (H7),2
Customer_CS-M2401/00302,ATF OIL HONCHI DEXTRON III 1 LITRE,1
Customer_CS-M2401/00302,ATF STOP LEAK & TUNE UP (BLUE TIN),1
Customer_CS-M2401/00302,TIMING KIT SET WAJA 1.6,1
Customer_CS-M2401/00302,WATER PUMP PIPE WAJA 1.6,1
Customer_CS-M2401/00302,GUM W/S SEALANT,2
Customer_CS-M2401/00302,GUM W/S SEALANT,2
Customer_CS-M2401/00302,OIL FILTER NPR PRO 17` 4JJ1 (PAPER),1
Customer_CS-M2401/00303,"DRIVE SHAFT RH KEMBARA, KBR DVVT (LONG)",1
Customer_CS-M2401/00303,"DRIVE SHAFT LH KEMBARA, KBR DVVT (SHORT)",1
Customer_CS-M2401/00303,ENG OIL LUBRIMAXX TROPHY 20W50 SH/CD 4 LITRES,2
Customer_CS-M2401/00303,GEAR OIL LUBRIMAXX LIMITED SLIP 90 4 LITRES,1
Customer_CS-M2401/00303,ATF OIL TOYOTA TYPE-IV 4 LITRES,1
Customer_CS-M2401/00303,SILICONE HI-TEMP GREY,2
Customer_CS-M2401/00303,FAN CLUTCH OIL SILICONE,2
Customer_CS-M2401/00303,OIL FILTER WIRA,1
Customer_CS-M2401/00303,OIL FILTER KANCIL,1
Customer_CS-M2401/00303,"CLUTCH KIT SET WIRA 1.6, WAJA, GEN 2, PSN 8``",1
Customer_CS-M2401/00303,"OIL SEAL FLY S89, KBR, RUSA (VITON)",1
Customer_CS-M2401/00303,"OIL SEAL ATM KANCIL, KLS, KNR, VIVA 850, MYVI 1.3, LB 1.3, AVANZA 1.3, KEMBARA",1
Customer_CS-M2401/00303,OIL SEAL D/S KEMBARA LH,1
Customer_CS-M2401/00303,OIL SEAL D/S KEMBARA RH,1
Customer_CS-M2401/00303,OIL SEAL MAIN KBR DVVT,1
Customer_CS-M2401/00303,OIL SEAL G.BOX KBR (RR),1
Customer_CS-M2401/00303,ANTI-RUST SPRAY,1
MAN DIN,WATER HOSE LOW WIRA 1.5,1
MAN DIN,"COOLANT LEXUS, TOYOTA 1 LITRE",2
CASH L,"OIL SEAL TIMING AE80, AE101, KUN25, KANCIL (VITON)",1
CASH L,"COOLANT LEXUS, TOYOTA 1 LITRE",12
CASH L,"D/S BOOT KLS, KNR, VIVA, TMO, AXIA, BEZZA 1.0 (IN)",2
Customer_CS-M2401/00313,THERMOSTAT HICOM 2.8,1
Customer_CS-M2401/00313,WHEEL NUT 1.5M X 19MM (CHROME) LONG,18
Customer_CS-M2401/00313,"SPRING BUSH NPR,HICOM 4.3 (LONG) 16MM",2
Customer_CS-M2401/00313,"SPRING BUSH RR NPR, HICOM 4.3 (IRON) SHORT",6
Customer_CS-M2401/00313,"SPRING BUSH COVER NHR, YU41",4
Customer_CS-M2401/00313,"SPRING BUSH FRT V57, V99 (IRON) LONG",4
Customer_CS-M2401/00313,"OIL SEAL FW V57, V99",2
Customer_CS-M2401/00314,WATER HOSE LOW WAJA 1.6 (ATM),1
Customer_CS-M2401/00314,THROTTLE BODY HOSE WAJA (LONG),1
Customer_CS-M2401/00314,THROTTLE BODY HOSE WAJA (WPH-014R),1
Customer_CS-M2401/00314,BY PASS HOSE P/SG (U),1
SG PAWIE,DIST O RING,2
Customer_CS-M2401/00316,"OIL SEAL D/S P/SG, WIRA, PDN",1
Customer_CS-M2401/00316,"OIL SEAL FLY WIRA 1.6, PERDANA, V6",1
Customer_CS-M2401/00316,GEAR OIL FUKUOKA EP90 1 LITRE,2
Customer_CS-M2401/00318,GUM W/S SEALANT,1
Customer_CS-M2401/00318,BRAKE FLUID DOT 4 (BIG),1
Customer_CS-M2401/00318,"PLUG CABLE EXORA CPS, EXORA BOLD, PREVE, BLM FLX, PSN CPS (LONG) = GEN 2, WAJA CAMPRO, PSN, BLM",1
Customer_CS-M2401/00318,ENG OIL FUKUOKA SAE40 1 LITRE (H7),1
Customer_CS-M2401/00318,COPPER WASHER 8MM,2
BLACK VK,FENDER LAMP KELISA WHITE,2
BLACK VK,ROOF MOULDING KLS,1
BLACK VK,"PWR WINDOW MOTOR RH P/SG, GEN 2, PSN",1
BLACK VK,CLIP DOOR LOCK (RED) (LONG),1
Customer_CS-M2401/00324,"STG RACK BUSH LH WIRA, WAJA",1
Customer_CS-M2401/00325,THROTTLE BODY CLEANER,1
BUI (BANK IN),"SPARK PLUG ALTIS 10`-12` 1.8, WISH ZRE142 ZRE172",1
CYM,BRAKE PUMP R/RH NHR 7/8`` (NO ADJ),1
CYM,BRAKE PUMP R/LH NHR 7/8`` (NO ADJ),1
MAN NO.15,"DRIVE SHAFT RH KNR, KLS, VIVA (LONG)",1
Customer_CS-M2401/00329,FAN BELT 13X890,1
Customer_CS-M2401/00329,FAN BELT HINO 13X965,1
AYUB,"IGNITION COIL WIRA VDO, GEN 2, PSN, EXR",1
CASH L,"BEARING RW BLM FLX, SAGA BT3 16`, PERSONA 16`",1
Customer_CS-M2401/00338,LOWER ARM LH KUN25 (6 MONTHS WARRANTY),1
Customer_CS-M2401/00338,ABS LINK F/RH KUN25,1
Customer_CS-M2401/00338,ABS LINK F/LH KUN25,1
MAN DIN,OIL FILTER KANCIL,1
SIVA,OIL FILTER WIRA,1
Customer_CS-M2401/00343,ENG OIL FUKUOKA SAE40 1 LITRE (H7),1
Customer_CS-M2401/00343,FAN BELT WIRA 1.5 (ALT),1
Customer_CS-M2401/00343,FAN BELT 13X1555,1
MAN NO.15,"BRAKE PUMP RR CARNIVAL (N), NAZA RIA 7/8``",1
MAN NO.15,"EXH RUBBER KANCIL, G11 (RR)",2
MAN NO.15,BULB H7 12V 55W,1
MAN NO.15,"COOLANT LEXUS, TOYOTA 1 LITRE",2
DIN,"TIMING KIT SET GEN 2, PSN, BLM, EXORA, NEO, WAJA CAMPRO",1
DIN,"FAN BELT GEN 2, BLM, PERSONA, EXORA",1
DIN,"WATER PUMP GEN 2, BLM, FLX,  PERSONA, NEO, EXORA, PREVE, SAGA VVT, IRIZ",1
DIN,FUEL PUMP GEN 2,1
DIN,ENG OIL PERODUA 10W30 3 LITRES,1
DIN,"RADIATOR CAP 1.1 (BIG VALVE) SM4, MYVI",1
HOOI WORKSHOP,"TIMING BELT KUN25, KUN26 2.5 3.0 (97R25)",1
HOOI WORKSHOP,BEARING TIMING KUN25 1KZ 2KD,1
KH TWO,FENDER PRO F/RH WIRA,1
KH TWO,ENG COVER LH WIRA,1
KH TWO,ENG COVER RH WIRA,1
KH TWO,BUMPER FRT WAJA 00` W/GRILLE,1
IWAN SOT GARAGE,"ABS RR BLM, FLX, SAVVY (GAS)",2
IWAN SOT GARAGE,"ABS BUSH RR WIRA, WAJA, GEN 2, BLM, PREVE (16MM)",2
IWAN SOT GARAGE,"OIL NUT GEN 2, PSN (M14X1.5X22L)",1
IWAN SOT GARAGE,WASHER 14MM (ALM),1
Customer_CS-M2401/00351,SPRING BUSH V57 (S) NYLON,4
Customer_CS-M2401/00351,BRAKE SHOE HICOM 2.8 (NEW) F=R,1
Customer_CS-M2401/00351,OIL SEAL TIMING HICOM 109X137X13,1
Customer_CS-M2401/00351,"SPRING BUSH RR NPR, HICOM 4.3 (IRON) SHORT",2
Customer_CS-M2401/00351,"AIR FILTER WIRA 1.5 INJ, 1.6, WAJA 1.6",1
CASH L,"BY PASS HOSE MYVI 1.3, ALZA, VIVA (SHORT)",1
CASH L,WATER HOSE TOP MYVI 1.3,1
CASH L,"BALL JOINT LOW BLM, SAVVY",2
IJ WORKSHOP,TENSION BUSH TROOPER (S.HOLE),2
ZHENG YI,T/LID RUBBER WIRA AB,1
Customer_CS-M2401/00360,"STG RACK BUSH LH WIRA, WAJA",1
CASH (CARD),"CLUTCH PUMP LOW WIRA, PERDANA 13/16``",1
CASH (CARD),CLUTCH PUMP TOP WIRA 5/8``,1
Customer_CS-M2401/00362,DOOR PIN 2 5/8``,4
DIN,"VALVE COVER HOSE WAJA, GEN 2, BLM (LONG)",1
DIN,"BREATHER HOSE GEN 2, PERSONA",1
DIN,"OIL FILTER TOYOTA, SWIFT",1
DIN,ATF OIL TOYOTA TYPE-IV 4 LITRES,1
DIN,PISTON RING KANCIL 850 STD (66.6MM),1
DIN,"CON ROD BRG KANCIL 850, KLS, KNR, VIVA 850, MYVI 1.0 STD",1
DIN,SILICONE HI-TEMP GREY,1
DIN,HEAD GSK KANCIL,1
DIN,ANTI-RUST SPRAY,1
Customer_CS-M2401/00366,"FAN BELT 3L (ALT), HICOM 4.3 13X990",2
Customer_CS-M2401/00366,WATER HOSE TOP LH80,1
Customer_CS-M2401/00366,WATER HOSE LOW LH80,1
Customer_CS-M2401/00366,WATER HOSE CTR LH80,1
Customer_CS-M2401/00366,DOOR TRIM HICOM,2
Customer_CS-M2401/00366,DOOR INNER POCKET HICOM,4
Customer_CS-M2401/00366,DOOR INNER HANDLE HICOM,2
Customer_CS-M2401/00366,"OIL SEAL TIMING V99, 14B",1
Customer_CS-M2401/00366,WINDOW GEAR RH HICOM 2.8 4.3 (1TON-3TON),1
Customer_CS-M2401/00366,WINDOW GEAR LH HICOM 2.8 4.3 (1TON-3TON),1
Customer_CS-M2401/00366,"WATER PUMP 3L, LH80, LN106, LY100, LH113",1
Customer_CS-M2401/00366,FAN BELT 17X1200,1
Customer_CS-M2401/00366,WATER HOSE TOP V57,1
Customer_CS-M2401/00366,"WATER HOSE TOP V99, V116",1
Customer_CS-M2401/00367,ENG OIL FUKUOKA SAE40 1 LITRE (H7),2
Customer_CS-M2401/00367,BULB 1016 12V,2
Customer_CS-M2401/00367,BULB 4038 12V,3
Customer_CS-M2401/00367,"COOLANT LEXUS, TOYOTA 1 LITRE",1
Customer_CS-M2401/00367,"BEARING FW WIRA, SATRIA",1
Customer_CS-M2401/00367,"OIL CAP O RING GEN 2, PERSONA (SILICONE)",1
Customer_CS-M2401/00367,LITHIUM EP BEARING GREASE Z2 (GOLD) 0.5KG,1
IWAN SOT GARAGE,"FAN BELT TENSIONER GEN 2, PERSONA, BLM",1
IWAN SOT GARAGE,"COOLANT LEXUS, TOYOTA 1 LITRE",2
IWAN SOT GARAGE,"SPARK PLUG GEN 2, PERSONA, BLM, FLX, EXORA (G-POWER)",1
SUPER SPEED,ENG MTG RH N16,1
SUPER SPEED,BULB 1016 24V,1
KIM YUAN,FAN BELT TENSIONER,1
KIM YUAN,FAN BELT PULLEY,1
IJ WORKSHOP,COUPLING 16MM,2
IJ WORKSHOP,EXH PIPE GSK WIRA (CTR),1
TAMBI TURBO TRANSFER,"OIL FILTER TRITON 2.5, PAJERO, STORM (SMALL LONG)",1
CASH (TRANSFER),"OIL FILTER T3000, T4000, HINO 1-5TON (FO-2250)",1
CASH (TRANSFER),FUEL FILTER MAXI,1
CASH (TRANSFER),TOP SET GSK T3500 SL,1
KONG,"BRAKE PUMP RR C22, Y10 3/4``",2
KONG,"BRAKE SHOE RR C22, Y10",1
CASH TRANSFER,OIL FILTER WIRA,1
Customer_CS-M2401/00386,BRAKE PUMP R/RH NHR 7/8`` (NO ADJ),1
BLACK VK,SIDE MIRROR LH KLS (ATM),1
CYM,BRAKE PUMP F/RH NHR 1 1/8`` (ADJ),2
CYM,BRAKE PUMP F/LH NHR 1 1/8`` (ADJ),2
CYM,BRAKE SHOE NHR F=R,2
CASH (transfer),"LOWER ARM LH WAJA, GEN 2, PSN",1
CASH (transfer),"CLUTCH KIT SET WIRA 1.6, WAJA, GEN 2, PSN 8``",1
CASH (transfer),"BEARING CLUTCH P/SG, WIRA",1
CASH (transfer),GEAR OIL FUKUOKA EP90 1 LITRE,2
CASH (transfer),"D/S BOOT WAJA 1.6, GEN 2 (IN)",2
CASH (transfer),"D/S BOOT WIRA, WAJA (OUT)",1
CASH (transfer),"OIL SEAL FLY P/SG, WIRA, GEN 2, WAJA, PSN, NEO (VITON)",1
CASH (transfer),"ENG MTG SET WAJA 1.6, GEN 2 (MTM) (1 YEAR WARRANTY)",1
CASH L,"DISC PAD RR ACV30, WISH",1
CASH L,"WHEEL BOLT P/SG, WIRA (SHORT) M14X12X1.5MX45L",6
CASH L,"WHEEL NUT LN166, KUN25, SXV10, VIOS (CHROME)",2
CASH L,"ABS RR BLM, FLX, SAVVY (GAS)",2
CASH L,"STG BOOT P/SG, WIRA, WAJA, VIVA (PWR)",2
CASH L,"TIE ROD END P/SG, WIRA, WAJA, GEN 2",1
CYM,BRAKE PUMP R/RH NHR 7/8`` (NO ADJ),1
CYM,BRAKE BOOSTER NHR,1
CYM,BRAKE FLUID DOT 4 (BIG),1
Customer_CS-M2401/00396,"OIL SEAL KIT RW V58, V99 (70X112X14/20, 55X101X4.7)",2
Customer_CS-M2401/00396,"SPRING BUSH COVER NHR, YU41",8
Customer_CS-M2401/00396,"LOWER ARM RH KLS, KNR (6 MONTHS WARANTY)",1
Customer_CS-M2401/00396,"LOWER ARM LH KLS, KNR (6 MONTHS WARRANTY)",1
Customer_CS-M2401/00396,"LOWER ARM BUSH FRT KLS, KNR (CTR)",4
Customer_CS-M2401/00396,LEAF SPRING,3
Customer_CS-M2401/00396,LEAF SPRING,4
Customer_CS-M2401/00396,"AXLE WASHER RR V26, V58, V99",2
Customer_CS-M2401/00396,GUM GSK SILICONE (GREY),2
Customer_CS-M2401/00396,SPRING BUSH HICOM 4.3 (LONG) 18MM,2
Customer_CS-M2401/00396,"ALT PIPE LH80, LN106",1
Customer_CS-M2401/00396,ALT HOSE LH80 (D),1
Customer_CS-M2401/00396,BRAKE SHOE HICOM 2.8 (NEW) F=R,1
Customer_CS-M2401/00396,BRAKE SHOE RR RANGER,1
Customer_CS-M2401/00396,"BRAKE PUMP RR RANGER (O), RANGER T6, BT50 15/16``",2
Customer_CS-M2401/00397,DOOR PIN 2 5/8``,2
Customer_CS-M2401/00397,DOOR BUSH (COPPER) THICK,4
Customer_CS-M2401/00397,ENG OIL FUKUOKA SAE40 1 LITRE (H7),2
TAMBI TURBO,"DISC PAD FRT P/SG 12V, ISWARA, WIRA 1.5",1
MAN DIN,DRIVE SHAFT RH WIRA 1.5 (SHORT),1
MAN DIN,GEAR OIL FUKUOKA EP90 1 LITRE,2
MAN DIN,STOPPER 15MM,2
CASH CHEQ,"PWR STG PUMP KUN25, KUN26",1
CASH CHEQ,PWR STG FLUID HONDA 1 LITRE,1
CASH CHEQ,TAIL LAMP LH GUN125,1
TAMBI TURBO,"OIL SEAL D/S KLS, KNR, MYVI, VIVA, ALZA, AXIA (LH)",1
ZUR,"D/S BOOT WIRA, WAJA (OUT)",1
SUPER SPEED,BULB H4 12V 60/55W,1
Customer_CS-M2401/00413,"CLIP FENDER PRO P/SG, WIRA",3
Customer_CS-M2401/00413,"THROTTLE BODY HOSE MYVI, ALZA",1
Customer_CS-M2401/00413,"OIL FILTER 120Y, B11, C22",1
Customer_CS-M2401/00413,ENG OIL FUKUOKA SAE40 1 LITRE (H7),2
Customer_CS-M2401/00413,ENG OIL FUKUOKA SAE40 1 LITRE (H7),1
Customer_CS-M2401/00413,GUM W/S SEALANT,1
Customer_CS-M2401/00413,OIL FILTER WIRA,1
DIN,BRAKE FLUID DOT 4 (BIG),1
Customer_CS-M2401/00416,ABS FRT & RR HICOM 2.8 SAFARI,2
Customer_CS-M2401/00416,"BEARING FW KLS, KNR, VIVA, MYVI",1
Customer_CS-M2401/00416,DISC PAD FRT MYVI 05`,1
Customer_CS-M2401/00416,"STG BOOT P/SG, WIRA, WAJA, VIVA (PWR)",1
Customer_CS-M2401/00416,"STEP BOARD LH V57, LH80",1
Customer_CS-M2401/00416,STOPPER 15MM,10
MAN DIN,"RACK END KLS, KNR, SUTERA",2
MAN DIN,"TIE ROD END KANCIL, KLS, KNR, G11, VIVA",1
MAN DIN,ABS MTG FRT ALZA,2
ZUR (CARD),WATER HOSE LOW WIRA 1.5,1
ZUR (CARD),WATER HOSE TOP WIRA INJ,1
ZUR (CARD),BY PASS HOSE P/SG (U),1
ZUR (CARD),RAD COOLANT PROTON 4L (BLUE),1
ZUR (CARD),"THERMOSTAT P/SG, WIRA 1.5",1
KOGI // KUN25,"BEARING PINION GEAR LN166, KUN25 (S)",1
KOGI // KUN25,"BEARING D/S KUN25, INNOVA (43X80X17) 90363-T0014",2
KOGI // KUN25,"OIL SEAL PINION LN166, KDH200, KUN25, KUN26",1
KOGI // KUN25,"OIL SEAL D/S KUN25, PRADO RH",1
KOGI // KUN25,"OIL SEAL D/S KUN25, PRADO KZJ95 LH",1
KOGI // KUN25,NEEDLE BRG KUN25,1
CASH TRANSFER,OIL FILTER WIRA,1
CASH TRANSFER,"COOLANT LEXUS, TOYOTA 1 LITRE",1
Customer_CS-M2401/00430,"ABS MTG F/LH LATIO, LIVINA, SYLPHY",1
CASH L,"AUTO FILTER T9A, T7A, BRV, T5A, TEA 1.8 (SMALL)",1
SUPER SPEED,OIL FILTER WIRA,1
NIK AUTO GARAGE,LOWER ARM LH KEMBARA,1
NIK AUTO GARAGE,LOWER ARM RH KEMBARA,1
NIK AUTO GARAGE,"TIMING KIT SET KBR, S89, RUSA 1.3",1
NIK AUTO GARAGE,"PLUG O RING S89, KBR, RUSA, KLS, S9A, SDA, SO4, S5A",3
NIK AUTO GARAGE,"VALVE COVER GSK S89, KBR, RUSA",1
NIK AUTO GARAGE,"OIL PAN SEAL S89, RUSA, KBR (SET)",1
NIK AUTO GARAGE,FAN BELT KEMBARA,1
NIK AUTO GARAGE,"FAN BELT WIRA 1.6, KEMBARA, SWIFT 1.4 (ALT)",1
CASH (QR),BRAKE FLUID DOT 4 (BIG),1
Customer_CS-M2401/00437,"OIL FILTER CAMRY, KUN25, MCR30, MCU30",1
Customer_CS-M2401/00438,FUEL FILTER P/SG (F),1
Customer_CS-M2401/00438,ABS BUSH 0451 (4554 ABS BUSH),8
Customer_CS-M2401/00438,RIBBON SEALER 3/8 ``,1
Customer_CS-M2401/00438,"WIPER BLADE MYVI, AVANZA",1
Customer_CS-M2401/00438,GUM W/S SEALANT,2
Customer_CS-M2401/00438,THROTTLE BODY GSK WIRA 1.5 (52MM),1
Customer_CS-M2401/00438,ATF OIL HONCHI DEXTRON III 1 LITRE,1
Customer_CS-M2401/00438,ENG OIL FUKUOKA SAE40 1 LITRE (H7),1
Customer_CS-M2401/00438,"WIPER BLADE WIRA, KNR 20``/17``",1
Customer_CS-M2401/00438,DOOR CABLE FRT VIVA (OPEN),1
Customer_CS-M2401/00438,ATF OIL HONCHI DEXTRON III 1 LITRE,1
TAMBI TURBO,"D/S BOOT KLS, KNR, VIVA, TMO, AXIA, BEZZA 1.0 (IN)",1
CASH QR,ATF OIL HONCHI DEXTRON III 1 LITRE,2
IA AFIQ,OIL FILTER KANCIL,1
IA AFIQ,WASHER 12MM (ALM),1
IA AFIQ,"OIL FILTER AXIA, BEZZA, ARUZ, MYVI D20N",1
PALANI,STOPPER 22MM,1
PALANI,STOPPER 8MM,1
PALANI,"BRAKE BOOSTER HOSE P/SG, WIRA (VALVE)",1
Customer_CS-M2401/00443,SPRING WASHER M10 (3/8``),6
Customer_CS-M2401/00443,NUT 3/8``,6
PANTAS BERA ENTERPRISE,"H/B CABLE R/RH KUN25, KUN26 (2DOOR=4DOOR)",1
PANTAS BERA ENTERPRISE,"H/B CABLE R/LH KUN25, KUN26 (2DOOR=4DOOR)",1
TAMBI TURBO,"STG BOOT P/SG, WIRA, WAJA, VIVA (PWR)",2
TAMBI TURBO,"SUSP ROD KIT P/SG, WIRA (WHITE NYLON)",2
TAMBI TURBO,OIL FILTER WIRA,1
TAMBI TURBO,ENG MTG FRT WIRA (ATM),1
MAN DIN `,FAN BELT VIVA (P/STG) 3PK525,1
MAN DIN `,FAN BELT 9.5X740 VIVA,1
MAN DIN `,"FAN BELT KLS, KNR, VIVA, MYVI 1.0 (ALT) 4PK715",1
MAN DIN `,BULB H3 12V 55W,1
MAN DIN `,BRAKE FLUID DOT 4 (BIG),1
Customer_CS-M2401/00452,"BEARING CLUTCH P/SG, WIRA",1
Customer_CS-M2401/00452,"OIL SEAL FLY P/SG, WIRA, GEN 2, WAJA, PSN, NEO (VITON)",1
Customer_CS-M2401/00452,GEAR OIL LUBRIMAXX  SAE90 GL4 4L,1
Customer_CS-M2401/00452,METER CABLE WIRA 1.3 1.5,1
Customer_CS-M2401/00452,FUEL HOSE 7MM,2
Customer_CS-M2401/00452,ENG OIL LUBRIMAXX TROPHY 20W50 SH/CD 4 LITRES,1
Customer_CS-M2401/00452,OIL FILTER WIRA,1
Customer_CS-M2401/00455,"BEARING PINION GEAR LN106, HZJ80",2
Customer_CS-M2401/00455,"COUPLING PAJERO, CANTER, V99 (30X86)",1
Customer_CS-M2401/00455,OIL SEAL PINION LN106,1
Customer_CS-M2401/00455,"OIL SEAL RW LN106, LN166, LH80, KUN25 (O) (IN)",2
Customer_CS-M2401/00455,TIE ROD END PAJERO (OUT),1
IJ WORKSHOP,"OIL FILTER PJR, STORM",1
IJ WORKSHOP,WATER JACKET 28MM,3
TAMBI TURBO // PAY RM15,"THERMOSTAT P/SG, WIRA 1.5",1
ALAN LOH (TRANFER),"OIL FILTER AXIA, BEZZA, ARUZ, MYVI D20N",1
HAPIS (TRANSFER),RADIATOR CAP 1.1 SR4 (SMALL VALVE),1
IJ WORKSHOP,WATER JACKET 19MM,1
IJ WORKSHOP,WATER JACKET 18MM,1
Customer_CS-M2401/00467,SILICONE HI-TEMP GREY,1
Customer_CS-M2401/00467,"RADIATOR CAP 1.1 (BIG VALVE) SM4, MYVI",1
Customer_CS-M2401/00467,ENG OIL LUBRIMAXX TROPHY 20W50 SH/CD 4 LITRES,1
Customer_CS-M2401/00467,BULB H3 12V 55W,1
Customer_CS-M2401/00467,ENG ROD RR SATRIA NEO,1
Customer_CS-M2401/00467,ENG OIL FUKUOKA SAE40 1 LITRE (H7),1
Customer_CS-M2401/00468,OIL FILTER WIRA,1
RAJA,"COIL SPRING RUBBER RR ALZA, KANCIL, MYVI, VIVA, G11 (STD) (LOW)",2
RAJA,"ATF OIL HONDA ATF DW-1 1 LITRE *SWA, TMO, SNA, SNL, S5A, TAO,TRO,TOA",4
DIN,"CLUTCH PUMP LOW ALZA, MYVI LB 3/4``",1
Customer_CS-M2401/00471,AIR FILTER NPR 4JJ1,2
Customer_CS-M2401/00471,TAIL GATE HANDLE KUN25 G,1
Customer_CS-M2401/00471,LEAF SPRING,5
Customer_CS-M2401/00471,"KING PIN KIT NPR , HICOM IMP (16MM BRG)",1
Customer_CS-M2401/00471,BEARING RW KANCIL = FLY TRITON,1
Customer_CS-M2401/00471,BMC YU41 1 1/16`` (2 BOLT HOLE),1
Customer_CS-M2401/00471,"SPRING BUSH RR NPR, HICOM 4.3 (IRON) SHORT",8
Customer_CS-M2401/00471,GUM GSK SILICONE (GREY),2
Customer_CS-M2401/00471,GUM W/S SEALANT,1
Customer_CS-M2401/00471,"FUEL FILTER KUN25, TRITON, D-MAX 12`-15`",2
Customer_CS-M2401/00471,TIE ROD END HICOM 4.3,1
HAPIS  (transfer),o ring,1
MAN DIN,ABS F/RH WIRA 1.5 (OIL),1
MAN DIN,DRIVE SHAFT RH WIRA 1.5 (SHORT),1
MAN DIN,DRIVE SHAFT LH WIRA 1.5 (LONG),1
MAN DIN,AIR COND MOTOR WIRA (ND),1
MAN DIN,"OIL SEAL D/S P/SG, WIRA, PDN",2
MAN DIN,"DISC PAD FRT P/SG 12V, ISWARA, WIRA 1.5",1
MAN DIN,BRAKE FLUID DOT 4 (BIG),1
MAN DIN,"SPARK PLUG WIRA 1.5 FEI, C22",1
MAN DIN,LOWER ARM RH WIRA,1
MAN DIN,LOWER ARM LH WIRA,1
TAMBI TURBO,"SPARK PLUG WIRA 1.5 FEI, C22",1
Customer_CS-M2401/00480,"OIL FILTER CAMRY, KUN25, MCU10, MAZDA 3, INNOVA",1
Customer_CS-M2401/00490,SPRING BUSH HICOM 4.3 (LONG) 18MM,1
Customer_CS-M2401/00490,HINO VALVE COVER BUSH G,2
Customer_CS-M2401/00490,AXLE SHAFT COVER CANTER 3TON 4X4,2
Customer_CS-M2401/00491,"FUEL FILTER KUN25, TRITON, D-MAX 2.5 12`-15`",1
CASH L,LOWER ARM LH WIRA (6 MONTHS WARRANTY),1
Customer_CS-M2401/00496,GUM GSK SILICONE (GREY),2
Customer_CS-M2401/00496,BULB 1141 12V,1
Customer_CS-M2401/00500,BULB 1016 12V,1
PUTEH,BRAKE FLUID DOT 4 (BIG),2
PUTEH,BRAKE PIPE RR KUN25,1
Customer_CS-M2401/00503,"COOLANT LEXUS, TOYOTA 1 LITRE",1
SUPER SPEED,"ATF OIL NISSAN MATIC S 1 LITRE ALMERA , NAVARA NP300 D23T",3
SUPER SPEED,"OIL FILTER N16, C24, TEANA, ALMERA",1
Customer_CS-M2401/00509,SPRING WASHER M10 (3/8``),2
Customer_CS-M2401/00509,NUT M10 X 1.25M,2
Customer_CS-M2401/00509,D/S BOOT PJR V6 (IN=OUT),1
Customer_CS-M2401/00509,STAB BUSH FRT PJR V6 (27MM),2
SG PAWIE,"D/S BOOT MYVI, ALZA, BLM, AXIA, BEZZA, ALMERA (OUT)",2
Customer_CS-M2401/00512,GUM W/S SEALANT,2
Customer_CS-M2401/00512,WATER PUMP PIPE AVANZA W/RAD CORK 16035-97401,1
Customer_CS-M2401/00512,"OIL FILTER CAMRY, KUN25, MCU10, MAZDA 3, INNOVA",1
Customer_CS-M2401/00513,"BEARING FLY LN106, KUN25, V57",2
Customer_CS-M2401/00513,"OIL SEAL MAIN PAJERO, V6, TRITON",2
ALOI,BRAKE FLUID DOT 3 (BIG),1
ALOI,"BRAKE PUMP RR GEN 2, PERSONA",2
DIN,OIL SWITCH P/SG,1
SIONG FATT YEE,GRILLE FRT KNR 03`,1
SIONG FATT YEE,BUMPER RR KANCIL 99`,1
CHIA TRACTOR,"AXLE STUD SLEEVE FRT LN65, LN106 (8MM)",6
CHIA TRACTOR,"AXLE STUD SPRING WASHER FRT LN65, LN106 (8MM)",6
MAN DIN,"LOWER ARM LH LATIO, LIVINA, SYLPHY (6 MONTHS WARRANTY)",1
MAN DIN,"RACK END LATIO, LIVINA, TEANA, SYLPHY, NV200",2
MAN DIN,D/S BOOT IN SYLPHY,2
MAN DIN,DRIVE SHAFT JOINT GREASE,1
MAN DIN,"D/S BOOT WIRA, WAJA (OUT)",2
MAN DIN,"ABS LINK FRT LIVINA, LATIO",2
Customer_CS-M2401/00520,DOOR GLASS MLDG F/LH MYVI 05`~08`,1
Customer_CS-M2401/00520,DOOR GLASS MLDG R/RH MYVI 05`~08`,1
Customer_CS-M2401/00520,DOOR GLASS MLDG R/LH MYVI 05`~08`,1
IA AFIQ,ENG OIL LUBRIMAXX TROPHY 20W50 SH/CD 4 LITRES,1
IA AFIQ,OIL FILTER WIRA,2
IA AFIQ,"WIPER BLADE WAJA, GEN 2, PDN, KUN25, KUN26, HINO 1-3TON",1
CASH L,"CVTF OIL HONDA HCF-2 3.5L (T9A, HRV, T5A, T7A,RC1)",1
IJ WORKSHOP,"D/S BOOT MYVI, ALZA, BLM, AXIA, BEZZA, ALMERA (OUT)",1
IJ WORKSHOP,THROTTLE BODY CLEANER,1
KONG,"GEAR LEVEL BUSH LASER, RANGER (LOW) WHITE",1
Customer_CS-M2401/00532,MUDFLAP 12`` X 16``,1
Customer_CS-M2401/00532,"CVTF OIL HONDA 3.5 LITRES (SEL IDSI, VTEC, CRZ)",1
DIN,OIL FILTER WIRA,10
TAMBI TURBO,"BY PASS HOSE KLS, KNR (SHORT)",1
IA AFIQ,PLUG CABLE P/SG 12V,1
CASH L,"AIR FILTER T9A, BRV TSA, T5A",1
Customer_CS-M2401/00544,OIL SEAL KIT FW KUN25 (72.5X89.5X7.4/16 & 80X96X10/18),1
CASH (QR),OIL FILTER KANCIL,1
SUPER SPEED,RELAY 5 PIN,1
MAN DIN,"TIE ROD END KANCIL, KLS, KNR, G11, VIVA",1
MAN DIN,"STG BOOT KLS, KNR, MYVI, VIVA, ALZA",2
SG PAWIE,"D/S BOOT SM4, SV4, RIA (IN)",1
SG PAWIE,"STG BOOT SR4, SO4, SX8, S10",1
SG PAWIE,DRIVE SHAFT JOINT GREASE,1
SG PAWIE,"D/S BOOT SO4, SX8 (IN)",1
SG PAWIE,D/S BOOT P/SG (IN/OUT),1
Customer_CS-M2401/00550,OIL FILTER KANCIL,1
Customer_CS-M2401/00554,GUM GSK SILICONE (GREY),1
Customer_CS-M2401/00555,"D/S BOOT KUN25, GUN125 (IN)",1
Customer_CS-M2401/00555,BRAKE SHOE RR P/SG 12V,1
Customer_CS-M2401/00555,BRAKE PUMP RR P/SG 12V 3/4``,1
Customer_CS-M2401/00555,DRIVE SHAFT KUN25 L=R,1
Customer_CS-M2401/00555,"OIL SEAL D/S KUN25, PRADO KZJ95 LH",1
Customer_CS-M2401/00555,"BEARING FW LN106, LN65, PJR, SPORTAGE, RANGER, KIA CERES",2
Customer_CS-M2401/00555,OIL SEAL FW PAJERO,1
Customer_CS-M2401/00558,AIR COND PULLEY KIT 6203,1
Customer_CS-M2401/00558,"RADIATOR BUSH TOP KANCIL, MYVI, VIVA",1
Customer_CS-M2401/00558,BULB 1016 12V,1
Customer_CS-M2401/00558,BULB H4 12V 60/55W,1
Customer_CS-M2401/00558,ENG OIL LUBRIMAXX ULTRA LIGHT 10W30 SM/CF 3 LITRES,1
Customer_CS-M2401/00558,OIL FILTER KANCIL,1
IA AFIQ,"VALVE COVER GSK SEL VTEC, JAZZ 1.5",1
IA AFIQ,"OIL FILTER TOYOTA, SWIFT",1
IA AFIQ,"TIE ROD END P/SG, WIRA, WAJA, GEN 2",1
CASH TRANSFER,"OIL FILTER CAMRY, KUN25, MCU10, MAZDA 3, INNOVA",1
CASH TRANSFER,"FUEL FILTER KUN25, TRITON, D-MAX 2.5 12`-15`",1
ZUR KLS,BEARING RW KANCIL (INNER),1
DIN,"LOWER ARM RH MYVI, MYVI LB (6 MONTHS WARRANTY)",1
DIN,"LOWER ARM LH MYVI, MYVI LB (6 MONTH WARRANTY)",1
DIN,"LOWER ARM RH MYVI, MYVI LB",1
DIN,"LOWER ARM LH MYVI, MYVI LB",1
DIN,"ABS LINK F/RH MYVI, LB",1
DIN,"ABS LINK F/LH MYVI, LB",1
DIN,"DOOR HINGE KANCIL RH TOP, LH LOW (FRT=RR)",1
DIN,"DOOR HINGE KANCIL LH TOP, RH LOW (FRT=RR)",1
MAN DIN,"D/S BOOT MYVI, BEZZA 1.3, SWIFT, S/Z SX4 (IN)",1
MAN DIN,ENG OIL FUKUOKA SAE40 1 LITRE (H7),1
Customer_CS-M2401/00571,"OIL SEAL D/S WAJA, MATRIX 1.8, GEN 2, PSN, BLM (ATM), NEO",2
CASH QR,OIL FILTER WIRA,1
CASH QR,COPPER SPRAY,1
CASH QR,TOP SET GSK WIRA 1.6,1
MAN SIONG FATT,"OIL FILTER AXIA, BEZZA, ARUZ, MYVI D20N",1
Customer_CS-M2401/00577,"ABS FRT NPR , HICOM (H.D)",2
Customer_CS-M2401/00577,"AIR FILTER V57, LN106, STORM, PJR 2.8 (TURBO) 17801-87303",1
Customer_CS-M2401/00577,GUM GSK SILICONE (GREY),2
Customer_CS-M2401/00577,ATF OIL TOYOTA TYPE-IV 4 LITRES,1
Customer_CS-M2401/00577,LEAF SPRING,3
Customer_CS-M2401/00577,LEAF SPRING,2
CASH TRANSFER,OIL SEAL RW P/SG,1
Customer_CS-M2401/00579,ENG OIL PERODUA 10W30 3 LITRES,1
Customer_CS-M2401/00579,OIL FILTER KANCIL,1
Customer_CS-M2401/00579,"SPARK PLUG AXIA 1.0, BEZZA 1.0 (LKR6C)",1
Customer_CS-M2401/00579,ENG OIL LUBRIMAXX M1 SPECIAL 10W40 1 LITRE,1
Customer_CS-M2401/00579,PWR STG FLUID HONDA 1 LITRE,1
Customer_CS-M2401/00579,GUM GSK SILICONE (GREY),1
Customer_CS-M2401/00579,GUM W/S SEALANT,1
HAPIS TRANSFER,"WATER PUMP GEN 2, BLM, FLX,  PERSONA, NEO, EXORA, PREVE, SAGA VVT, IRIZ",1
HAPIS TRANSFER,"VALVE COVER GSK BLM, FLX, PSN, EXR BOLD, PREVE, IRIZ",1
Customer_CS-M2401/00585,ENG OIL CASTROL MAGNETEC 10W40 4 LITRES,1
IA AFIQ,BULB 1016 12V,2
Customer_CS-M2401/00588,"CLIP BUMPER, GRILLE MYVI, AVANZA",5
Customer_CS-M2401/00590,"TIE ROD END P/SG, WIRA, WAJA, GEN 2",1
Customer_CS-M2401/00590,"ALIGHTMENT BOLT RR WIRA, WAJA, GEN 2, PSN",2
Customer_CS-M2401/00590,"RACK END WIRA, WAJA, GEN 2, PSN",2
Customer_CS-M2401/00590,"STG BOOT P/SG, WIRA, WAJA, VIVA (PWR)",2
Customer_CS-M2401/00590,"DISC PAD RR WAJA 1.6, S40, SMART FORFOUR",1
Customer_CS-M2401/00594,"AUTO FILTER SET P/SG 12V, WIRA 1.6",1
Customer_CS-M2401/00594,ATF OIL HONCHI DEXTRON III 1 LITRE,3
SG PAWIE TRANSFER,"OIL SEAL FLY P/SG, WIRA, GEN 2, WAJA, PSN, NEO (VITON)",1
SG PAWIE TRANSFER,GEAR OIL FUKUOKA EP90 1 LITRE,2
SG PAWIE TRANSFER,D/S BOOT NEO (IN),1
SG PAWIE TRANSFER,"DOOR OUTER HANDLE F/RH KANCIL 94`, KBR",1
SG PAWIE TRANSFER,"DOOR OUTER HANDLE R/LH KANCIL 94`, KBR",1
Customer_CS-M2401/00600,"PLUG O RING S89, KBR, RUSA, KLS, S9A, SDA, SO4, S5A",3
Customer_CS-M2401/00601,BRAKE PUMP R/LH V57 1 1/8`` (NO ADJ),1
Customer_CS-M2401/00601,BRAKE FLUID DOT 4 (BIG),1
ALOI,"BEARING FW WAJA, GEN 2, PSN, EXORA",1
ALOI,"ABS MTG FRT WAJA, GEN 2 , NEO, PSN",2
Customer_CS-M2401/00603,BRAKE PUMP F/RH V57 1 1/4`` (ADJ),1
DIN //  KANCIL 850,FAN BELT 9.5X715,1
DIN //  KANCIL 850,"FAN BELT KLS, KNR, VIVA, MYVI 1.0 (ALT) 4PK715",1
DIN //  KANCIL 850,"OIL FILTER O RING KLS, KNR, MYVI, AVANZA (1 BIG, 1 SMALL)",2
DIN //  KANCIL 850,ENG MTG SET KANCIL (AT/MT) *1 YEAR WARRANTY,1
DIN //  KANCIL 850,STAB BUSH FRT KANCIL 850 (22MM),2
DIN //  KANCIL 850,DISC PAD FRT KANCIL,1
DIN //  KANCIL 850,"COOLANT LEXUS, TOYOTA 1 LITRE",1
DIN //  KANCIL 850,"TIMING KIT SET KLS, KNR, MYVI 1.0, KANCIL 850 02`, VIVA 850 1.0",1
DIN //  KANCIL 850,"VALVE COVER GSK KLS, KNR",1
DIN //  KANCIL 850,"D/S BOOT KANCIL (OUT=IN), KLS, KNR (OUT)",1
DIN //  KANCIL 850,DRIVE SHAFT JOINT GREASE,1
DIN //  KANCIL 850,ENG OIL PERODUA 10W30 3 LITRES,1
DIN //  KANCIL 850,ATF OIL PERODUA DEXRON-III 1 LITRE,2
DIN //  KANCIL 850,"STG BOOT P/SG, WIRA, WAJA, VIVA (PWR)",2
DIN,ENG OIL SYNTIUM 800 10W40 4 LITRES (SEMI SYNTHTIC),1
DIN,"OIL FILTER N16, C24, TEANA, ALMERA",1
Customer_CS-M2401/00607,BULB 1016 12V,2
Customer_CS-M2401/00607,SILICONE HI-TEMP GREY,1
Customer_CS-M2401/00607,WIPER JOINT (Y) LONG,1
Customer_CS-M2401/00607,ENG OIL FUKUOKA SAE40 1 LITRE (H7),2
Customer_CS-M2401/00607,ATF OIL HONCHI DEXTRON III 1 LITRE,1
Customer_CS-M2401/00607,ENG OIL TREATMENT LUBRIMAXX 350ML,1
Customer_CS-M2401/00609,"BRAKE SHOE RR KUN25, FORTUNER (W/PLATE)",1
Customer_CS-M2401/00609,TIMING KIT SET P/SG 12V,1
Customer_CS-M2401/00609,"WATER PUMP P/SG, ACCENT, GETZ 1.3",1
Customer_CS-M2401/00609,"VALVE COVER GSK P/SG 12V, WIRA 1.5",1
Customer_CS-M2401/00609,WATER HOSE LOW WIRA 1.5,1
Customer_CS-M2401/00609,FAN BELT WIRA 1.5 (P/STG),1
Customer_CS-M2401/00609,"FAN BELT 13X760 P/STG FRONTIER D22, V58",1
Customer_CS-M2401/00609,FAN BELT P/SG (ALT),1
Customer_CS-M2401/00609,OIL SEAL GEAR BOX PJR (TRANSFER) VITON,2
Customer_CS-M2401/00609,"OIL SEAL GEAR LEVEL PJR, STG C23",1
CASH L,SPRING BUSH KUN25 (LONG),4
CASH L,RACK END GUN125,2
SUPER SPEED,ENG OIL LUBRIMAXX M1 SPECIAL PLUS 10W40 SM/CF 4 LITRES,1
SUPER SPEED,"AUTO FILTER SNA, SDA, S7A,TMO",1
SUPER SPEED,ENG OIL TREATMENT LUBRIMAXX 350ML,1
SUPER SPEED,OIL FILTER HONDA,1
SUPER SPEED,"AIR FILTER TMO, TFO, FREED",1
SUPER SPEED,COOLANT NISSAN 1 LITRE (BLUE),1
CASH (QR),"AIR FILTER KLS, KNR",1
CASH TRANSFER RM100,OIL FILTER WIRA,1
Customer_CS-M2401/00615,"BRAKE PUMP F/LH CANTER FB300, FB511 (1 1/4``) (ADJ)",2
Customer_CS-M2401/00615,OIL FILTER CANTER FB300,1
SG PAWIE,"OIL SEAL CAM SR4 T/C, CRV (VITON)",2
Customer_CS-M2401/00619,"OIL FILTER TRITON 2.5, PAJERO, STORM (SMALL LONG)",1
IJ WORKSHOP,WATER JACKET 50MM,1
CASH (QR),OIL FILTER KANCIL,1
Customer_CS-M2401/00624,BULB 1016 24V,2
Customer_CS-M2401/00625,HYDRAULIC OIL LUBRIMAXX AW68 18 LITRES,1
Customer_CS-M2401/00629,ENG OIL LUBRIMAXX PERFORMAX 15W40 CH4/SL 7 LITRES,1
CASH L,"CVTF OIL HONDA HCF-2 3.5L (T9A, HRV, T5A, T7A,RC1)",1
CASH L,"BEARING CONE RW KUN25 08`, GUN125 (42X58)",1
Customer_CS-M2401/00632,OIL FILTER KANCIL,2
Customer_CS-M2401/00632,"OIL FILTER TOYOTA, SWIFT",1
Customer_CS-M2401/00633,BUMPER FRT KANCIL 99`,1
Customer_CS-M2401/00633,BUMPER RR KANCIL 99`,1
Customer_CS-M2401/00633,ENG OIL PERODUA 5W30 4 LITRES (SEMI-SYNTHETIC),1
Customer_CS-M2401/00633,OIL FILTER KANCIL,1
Customer_CS-M2401/00633,BRAKE FLUID DOT 4 (BIG),1
Customer_CS-M2401/00633,ENG OIL LUBRIMAXX TROPHY 20W50 SH/CD 4 LITRES,1
Customer_CS-M2401/00633,REFLECTOR RED & YELLOW 150MM X 600MM (DIAMOND) W/SIRIM,1
Customer_CS-M2401/00633,CLIP HEAD LAMP (S),1
CASH (TRANSFER),BEARING RW P/SG,2
CASH (TRANSFER),OIL SEAL RW P/SG,1
CASH (TRANSFER),AXLE BUSH KIT P/SG,1
TAMBI TURBO,OIL FILTER WIRA,1
NAIM (QR),OIL FILTER KANCIL,1
NAIM (QR),GEAR OIL FUKUOKA EP90 1 LITRE,2
DIN,"STAB BUSH FRT EXORA, PREVE (24MM)",2
DIN,PWR STG FLUID HONDA 1 LITRE,1
SG PAWIE,"BEARING FW WAJA, GEN 2, PSN, EXORA",1
SG PAWIE,"OIL SEAL KIT FW WAJA, PERDANA, EXORA",1
CASH TRANSFER,"BEARING CLUTCH N13, B14, Y10, BLM",1
CASH TRANSFER,"VALVE COVER GSK BLM, FLX, PSN, EXR BOLD, PREVE (SILICON)",1
IA AFIQ,"BEARING ABS MTG FRT MYVI, VIVA, AXIA",2
IA AFIQ,ENG OIL LUBRIMAXX ULTRA LIGHT 10W30 SM/CF 3 LITRES,1
IA AFIQ,OIL FILTER KANCIL,1
CASH TRANSFER,"OIL FILTER CAMRY, KUN25, MCU10, MAZDA 3, INNOVA",1
CASH TRANSFER,"FUEL FILTER KUN25, TRITON, D-MAX 2.5 12`-15`",1
CASH TRANSFER,EXH PIPE GSK NHR (63X53),1
TS AUTOCAR SERVICE,FAN BELT KUN25 (7PK1516),1
TECK KEONG SERVICE CENTRE,"CYL HEAD PIPE GEN 2, BLM, PSN (28MM)",1
TECK KEONG SERVICE CENTRE,ENG MTG SET MYVI (MTM),1
F & I GARAGE,"OIL SEAL BAL PJR, PERDANA, CLUTCH P/SG (RH LINE)",1
F & I GARAGE,"GEAR LEVEL BOOT P/SG, WIRA, GEN 2",1
F & I GARAGE,ENG OIL PERODUA 10W30 3 LITRES,1
F & I GARAGE,BRAKE FLUID DOT 4 (BIG),2
F & I GARAGE,ATF OIL HONCHI DEXTRON III 1 LITRE,1
F & I GARAGE,"RADIATOR WIRA 1.6 ATM=MTM CT2 PA22/PA26 (WIRA 1.5, PERDANA ATM)",1
F & I GARAGE,CLUTCH PUMP TOP WIRA 5/8``,1
WELLSON AUTO SERVICE,VITARA V6 WATER PUMP,1
WELLSON AUTO SERVICE,ATF OIL PROTON SP-III 1 LITRE,3
WELLSON AUTO SERVICE,VACCUM HOSE 3.5MM,2
WELLSON AUTO SERVICE,VALVE COVER GSK WAJA 1.6 4G18,1
WELLSON AUTO SERVICE,DISC PUMP SEAL FRT WIRA 1.5,1
SK CAR AIRCOND & SERVICES,BRAKE FLUID DOT 4 (BIG),2
SOON YEE TYRE SERVICE,DRIVE SHAFT RH KANCIL (LONG),1
CHUAN HOONG ENGINEERING WORKSHOP,"BEARING CLUTCH P/SG, WIRA",1
CHUAN HOONG ENGINEERING WORKSHOP,"WATER PUMP P/SG, ACCENT, GETZ 1.3",1
HOE LI MOTOR TRADING (M) SDN BHD,OIL FILTER YU41 T5 (BY PASS),1
HOE LI MOTOR TRADING (M) SDN BHD,"OIL FILTER YU41, 160J (SHORT)",2
ATLAS EDIBLE ICE (PAHANG SENTRAL) SDN BHD,GREASE SPRAY HARDEX 400ML,2
JT CAR SERVICE CENTRE SDN BHD,LOWER ARM LH AXIA (6 MONTHS WARRANTY),1
JT CAR SERVICE CENTRE SDN BHD,"STAB BUSH FRT BEZZA, AXIA (21MM)",2
TS AUTOCAR SERVICE,PLUG CABLE WAJA 1.6,1
DK AUTOPARTS & SERVICE SDN BHD,H/B CABLE FRT WIRA 1.5,1
DK AUTOPARTS & SERVICE SDN BHD,"FUEL FILTER KUN25, TRITON, D-MAX 2.5 12`-15`",10
DK AUTOPARTS & SERVICE SDN BHD,CLUTCH KIT SET V57 (9 1/2``),1
DK AUTOPARTS & SERVICE SDN BHD,BEARING CLUTCH V57,1
DK AUTOPARTS & SERVICE SDN BHD,ABS FRT D-MAX 08`,2
DK AUTOPARTS & SERVICE SDN BHD,"BALL JOINT TOP TRP V6, D-MAX 05`",2
DK AUTOPARTS & SERVICE SDN BHD,TIE ROD END D-MAX 2.5 RT50 12`,1
DK AUTOPARTS & SERVICE SDN BHD,RACK END D-MAX,2
DK AUTOPARTS & SERVICE SDN BHD,"BEARING FW TRP, D-MAX, KIA CERES",1
DK AUTOPARTS & SERVICE SDN BHD,"BEARING FW TROOPER V6, D-MAX",1
DK AUTOPARTS & SERVICE SDN BHD,BRAKE PUMP R/RH KEMBARA 13/16``,1
DK AUTOPARTS & SERVICE SDN BHD,BRAKE PUMP R/LH KEMBARA 13/16`` (ADJ),1
SYARIKAT UNITED MOTOR SUPPLY,"TIE ROD END KDH200, TRH200",1
TS AUTOCAR SERVICE,TIE ROD END MYVI 05`,1
TECK KEONG SERVICE CENTRE,"CLUTCH KIT SET P/SG, WIRA 1.5 7.5``",1
TECK KEONG SERVICE CENTRE,"BEARING CLUTCH P/SG, WIRA",1
TECK KEONG SERVICE CENTRE,"OIL SEAL FLY P/SG, WIRA, GEN 2, WAJA, PSN, NEO (VITON)",1
WELLSON AUTO SERVICE,BULB H4 12V 60/55W,1
WELLSON AUTO SERVICE,OIL SEAL TIMING VITARA V6,1
WELLSON AUTO SERVICE,FUEL HOSE 6MM,2
WELLSON AUTO SERVICE,FAN CLUTCH OIL SILICONE,3
TECK KEONG SERVICE CENTRE,"AIR HOSE GROMMET ALZA, MYVI, MYVI LB, MYVI ICON",1
TECK KEONG SERVICE CENTRE,"OIL SEAL D/S P/SG, WIRA, PDN",2
F & I GARAGE,"D/S BOOT SM4, SV4, RIA (IN)",1
F & I GARAGE,ABS MTG FRT WIRA *6 MONTHS WARRANTY*,2
F & I GARAGE,"ABS COVER FRT WIRA 1.6, WAJA",2
F & I GARAGE,"ABS BUSH RR WIRA, WAJA, GEN 2, BLM, PREVE (16MM)",2
F & I GARAGE,"ABS COVER RR WIRA, WAJA",2
F & I GARAGE,"COIL SPRING SEAT FRT WIRA 1.6, WAJA, GEN 2",2
SYARIKAT UNITED MOTOR SUPPLY,"AIR FILTER KUN25, INNOVA",1
SYARIKAT UNITED MOTOR SUPPLY,AIR FILTER KDH200 (NEW),1
TECK KEONG SERVICE CENTRE,"WATER PUMP GEN 2, BLM, FLX,  PERSONA, NEO, EXORA, PREVE, SAGA VVT, IRIZ",1
TS AUTOCAR SERVICE,"BEARING FW BLM, SAVVY, AVEO",2
SIONG FATT GROUP SDN BHD,"ABS LINK F/RH NAVARA D23, NP300",1
SIONG FATT GROUP SDN BHD,FAN BELT NAVARA D23T (7PK1750),1
SIONG FATT GROUP SDN BHD,"FAN BELT KLS, KNR, VIVA, MYVI 1.0 (ALT) 4PK715",1
SRI MAJU WORKSHOP,"OIL FILTER T3000, T4000, HINO 1-5TON (FO-2250)",2
TECK KEONG SERVICE CENTRE,"LOWER ARM LH MYVI, MYVI LB (6 MONTH WARRANTY)",1
TECK KEONG SERVICE CENTRE,"SUSP ROD KIT P/SG, WIRA (WHITE NYLON)",2
WELLSON AUTO SERVICE,CABLE TIE 12``,80
WELLSON AUTO SERVICE,"AIR FILTER GUN125, GGN155",1
WELLSON AUTO SERVICE,"ENG VALVE EX KE70, KM36, UNSER KF80",1
WELLSON AUTO SERVICE,"DISC PAD FRT VIVA, JUARA, MIT MIRAGE 15`",1
WELLSON AUTO SERVICE,"DISC PAD FRT LN106, LN166, KDN165, LJ79, LJ95",1
WELLSON AUTO SERVICE,WATER HOSE LOW VIOS NCP42,1
F & I GARAGE,"VALVE SEAL SR4, SM4, SO4, SV4, B16A (IN)",7
F & I GARAGE,"VALVE SEAL SR4, SM4, SO4, SV4, B16A (EX)",7
F & I GARAGE,"ABS MTG BUSH RR WIRA, WAJA, BLM (2 PCS)",1
F & I GARAGE,GEAR OIL HONCHI EP90 1 LITRE,2
F & I GARAGE,COOLANT NISSAN 1 LITRE (BLUE),2
F & I GARAGE,"ARM RR WAJA, GEN 2, PSN L=R (SHORT)",1
F & I GARAGE,"ALIGHTMENT BOLT RR WIRA, WAJA, GEN 2, PSN",1
F & I GARAGE,DISC PUMP SEAL RR TX5,1
SIONG FATT GROUP SDN BHD,"ABS LINK FRT TMO, TFO 51320-TFO-003",1
SIONG FATT GROUP SDN BHD,OIL FILTER HONDA,1
MEGA MOBILE SERVICE SDN.BHD.,"FUEL FILTER NAVARA D40T, E25",1
TS AUTOCAR SERVICE,"PLUG O RING WIRA 1.6, PERDANA 2.0, PJR V31 4G64",4
TS AUTOCAR SERVICE,VALVE COVER GSK WIRA 1.6,1
F & I GARAGE,BRAKE FLUID DOT 4 (BIG),1
F & I GARAGE,"TIMING CHAIN COVER O RING MYVI 1.3, KBR DVVT (3 HOLE)",1
F & I GARAGE,"DISC PAD PIN FRT N16 1.6, LATIO, LIVINA, ALMERA, CITRA, SWIFT RS415 (8MM) SILICON",1
F & I GARAGE,ANTI-RUST SPRAY,1
TECK KEONG SERVICE CENTRE,STG BOOT P/SG (M),1
WELLSON AUTO SERVICE,ENG MTG SET NCP42 G,1
WELLSON AUTO SERVICE,"LOWER ARM LH WAJA, GEN 2, PSN (6 MONTHS WARRANTY)",1
SIONG FATT GROUP SDN BHD,DOOR BUSH (COPPER) THICK,4
SOON YEE TYRE SERVICE,LOWER ARM FRT KANCIL L=R,2
BAO MUDGUARD WORKSHOP,"DISC PAD FRT P/SG 12V, ISWARA, WIRA 1.5",1
BAO MUDGUARD WORKSHOP,BRAKE PUMP RR P/SG 12V 3/4``,2
SYARIKAT UNITED MOTOR SUPPLY,"AIR FILTER ALTIS 1.6 1.8, WISH, CALDINA",1
SYARIKAT UNITED MOTOR SUPPLY,"DISC PAD FRT VIOS NCP42, ALTIS 01`-08`",1
SYARIKAT UNITED MOTOR SUPPLY,ANTI-RUST SPRAY,1
TS AUTOCAR SERVICE,TIMING KIT SET KANCIL 850,1
TS AUTOCAR SERVICE,WATER PUMP KANCIL,1
TS AUTOCAR SERVICE,"WATER HOSE TOP KANCIL, L5",1
TS AUTOCAR SERVICE,"WATER HOSE LOW KANCIL, L5",1
TS AUTOCAR SERVICE,BY PASS HOSE KANCIL (1SET=5PCS),1
TS AUTOCAR SERVICE,WATER PUMP PIPE KANCIL,1
TS AUTOCAR SERVICE,3 WAY PIPE KANCIL,1
TS AUTOCAR SERVICE,4 WAY PIPE KANCIL,1
TS AUTOCAR SERVICE,TIMING COVER BUSH KANCIL (SET) SILICON,1
TS AUTOCAR SERVICE,VALVE COVER GSK KANCIL,1
TS AUTOCAR SERVICE,VALVE COVER BUSH KANCIL,2
WELLSON AUTO SERVICE,"ABS FRT KUN25, KUN26, FORTUNER, GUN125, GUN126, GUN135 09K60,09J90,09440",1
WELLSON AUTO SERVICE,ABS LINK F/RH KUN25,1
F & I GARAGE,"FAN BELT PREVE, BLM FLX, EXORA BOLT, SUPRIMA, IRIZ",1
SIONG FATT GROUP SDN BHD,"ABS LINK F/RH MYVI, LB",1
SIONG FATT GROUP SDN BHD,"ABS MTG FRT KANCIL, KLS, KNR, MYVI, LB, ICON, VIVA, AXIA",1
TS AUTOCAR SERVICE,DRIVE SHAFT RH KANCIL 850 (ATM) LONG,1
TS AUTOCAR SERVICE,DRIVE SHAFT LH KANCIL 850 (ATM) SHORT,1
TS AUTOCAR SERVICE,"TIMING KIT SET GEN 2, PSN, BLM, EXORA, NEO, WAJA CAMPRO",1
TS AUTOCAR SERVICE,"STAB BUSH FRT BLM, SAVVY (19MM)",2
SRI MAJU WORKSHOP,BEARING RW KANCIL (INNER),1
SRI MAJU WORKSHOP,"ABS F/LH VIOS NCP93, PRIUS C",1
SRI MAJU WORKSHOP,ABS LINK FRT VIOS NCP93,2
SRI MAJU WORKSHOP,ABS COVER FRT VIOS NCP93 (TOP),2
SRI MAJU WORKSHOP,"ABS BUSH FRT SXV10, SXV20, ACV30, VIOS NCP42, RR ACV40",2
SRI MAJU WORKSHOP,"LOWER ARM RH VIOS NCP93 , YARIS (6 MONTHS WARRANTY)",1
SRI MAJU WORKSHOP,"LOWER ARM LH VIOS NCP93 , YARIS (6 MONTHS WARRANTY)",1
SRI MAJU WORKSHOP,TIE ROD END VIOS NCP93,1
SRI MAJU WORKSHOP,ABS MTG FRT VIOS NCP93 (RUB),2
WELLSON AUTO SERVICE,OIL SEAL ATM TEANA 2.5 V6 (51X66X7),1
WELLSON AUTO SERVICE,"OIL SEAL FLY LATIO 1.6 1.8, LIVINA1.6 1.8, ALMERA N17 (84X117X8.5)",1
WELLSON AUTO SERVICE,THERMOSTAT HOUSING SYLPHY,1
WELLSON AUTO SERVICE,"OIL SEAL TIMING X-TRAIL T30, C26 (46X58X7)",1
WELLSON AUTO SERVICE,VALVE COVER GSK TRITON 2.5 KB4,1
WELLSON AUTO SERVICE,NOZZLE SEAL TRITON (B) 26X43X9,4
WELLSON AUTO SERVICE,NOZZLE SEAL TRITON (S),4
WELLSON AUTO SERVICE,"OIL FILTER PJR, STORM",1
WELLSON AUTO SERVICE,"ALT MYVI 1.3, AVANZA1.3, KBR DVVT (3PIN)",1
WELLSON AUTO SERVICE,FAN BELT MYVI 1.3 (4PK1705),1
WELLSON AUTO SERVICE,FAN BELT KEMBARA DVVT,1
WELLSON AUTO SERVICE,PLUG O RING TRITON (IN),3
WELLSON AUTO SERVICE,PLUG O RING TRITON (IN),1
WELLSON AUTO SERVICE,ABS MTG FRT ALZA,1
WELLSON AUTO SERVICE,"ABS COVER FRT MYVI, ALZA, VIVA, AXIA",1
DK AUTOPARTS & SERVICE SDN BHD,U BOLT 6`` V57 (14X72X155),1
DK AUTOPARTS & SERVICE SDN BHD,"COUPLING PAJERO, CANTER, V99 (30X86)",2
DK AUTOPARTS & SERVICE SDN BHD,"FAN MOTOR ACR50, ANH20 (RH) W/WIRE",1
DK AUTOPARTS & SERVICE SDN BHD,COOLANT TCL(GREEN) 2 LITER,9
DK AUTOPARTS & SERVICE SDN BHD,MAP SENSOR SR4,1
CHUAN HOONG ENGINEERING WORKSHOP,"OIL FILTER TOYOTA, SWIFT",1
F & I GARAGE,DRIVE SHAFT LH WIRA 1.5 (LONG),1
F & I GARAGE,GEAR OIL HONCHI EP90 1 LITRE,2
K TWO CAR ELECTRICAL SERVICES,OIL SEAL RW P/SG,2
K TWO CAR ELECTRICAL SERVICES,BRAKE PUMP RR P/SG 12V 3/4``,2
K TWO CAR ELECTRICAL SERVICES,BRAKE SHOE RR P/SG 12V,1
SRI MAJU WORKSHOP,"WHEEL NUT PERDANA, VIOS, KUN25 (CHROME)",3
SHK ENGINEERING WORKSHOP,ATF OIL HONCHI DEXTRON III 1 LITRE,4
TECK KEONG SERVICE CENTRE,"BRAKE SHOE RR BLM, SAVVY",1
TS AUTOCAR SERVICE,BEARING CLUTCH KANCIL,1
TS AUTOCAR SERVICE,"OIL SEAL FLY KANCIL, KLS, KNR, VIVA 850, MYVI 1.0 (VITON)",1
TS AUTOCAR SERVICE,"OIL SEAL FLY P/SG, WIRA, GEN 2, WAJA, PSN, NEO (VITON)",2
TS AUTOCAR SERVICE,"OIL SEAL ATM P/SG, WIRA, WAJA, PERDANA, GEN 2, PSN, CITRA, NAZA RIA, TRITON, CARNIVAL 02`",2
K TWO CAR ELECTRICAL SERVICES,TIMING KIT SET P/SG 12V,1
K TWO CAR ELECTRICAL SERVICES,"WATER PUMP P/SG, ACCENT, GETZ 1.3",1
WELLSON AUTO SERVICE,HOSE TOP SYLPHY,1
WELLSON AUTO SERVICE,HOSE LOW SYLPHY,1
WELLSON AUTO SERVICE,WP HOSE SYLPHY,1
WELLSON AUTO SERVICE,HEATER HOSE SYLPHY,1
WELLSON AUTO SERVICE,OIL COOLER HOSE P/SG (B),1
WELLSON AUTO SERVICE,"CLUTCH PUMP LOW WAJA, GEN 2, PSN 13/16``",1
WELLSON AUTO SERVICE,D/S BOOT P/SG (IN/OUT),1
WELLSON AUTO SERVICE,D/S BOOT IN SYLPHY,1
WELLSON AUTO SERVICE,ALT WIRA 1.5 75A/80A (NEW),1
WELLSON AUTO SERVICE,CLIP D/S BOOT (B),1
WELLSON AUTO SERVICE,CLIP D/S BOOT (S),1
SYARIKAT UNITED MOTOR SUPPLY,BY PASS HOSE ELANTRA MD (TO TTB),1
WELLSON AUTO SERVICE,CON ROD BRG UNSER KF80 7K STD,1
WELLSON AUTO SERVICE,TIMING CHAIN KIT UNSER KF80,1
WELLSON AUTO SERVICE,FULL SET GSK UNSER 7K,1
WELLSON AUTO SERVICE,"FAN BELT TRITON 2.5, FRONTIER 13X865",1
WELLSON AUTO SERVICE,FAN BELT 13X865,1
WELLSON AUTO SERVICE,"FAN BELT 3L (ALT), HICOM 4.3 13X990",1
WELLSON AUTO SERVICE,PLUG CABLE UNSER KF80,1
WELLSON AUTO SERVICE,FUEL FILTER UNSER 1.8,1
F & I GARAGE,"OIL FILTER T/H, V99, TERRANO",1
F & I GARAGE,ENG OIL LUBRIMAXX PERFORMAX 15W40 CH4/SL 7 LITRES,1
F & I GARAGE,ENG MTG SET MYVI (ATM),1
F & I GARAGE,DIST P/SG 12V (CARB),1
SIONG FATT GROUP SDN BHD,ABS F/RH ALZA (GAS),1
WELLSON AUTO SERVICE,CLIP D/S BOOT (B),2
WELLSON AUTO SERVICE,CLIP D/S BOOT (S),2
WELLSON AUTO SERVICE,WATER PUMP SYLPHY,1
WELLSON AUTO SERVICE,ACV40 HEAD LAMP BULB,1
WELLSON AUTO SERVICE,PWR STG HOSE B14,1
WELLSON AUTO SERVICE,DRIVE SHAFT RH ALZA (LONG),1
WELLSON AUTO SERVICE,DRIVE SHAFT LH ALZA (SHORT),1
WELLSON AUTO SERVICE,DISC PAD PIN FRT MYVI (8MM) SILICONE,1
WELLSON AUTO SERVICE,WATER HOSE TOP C22,1
WELLSON AUTO SERVICE,WATER HOSE LOW C22,1
KBS TIMBER TRADING SDN BHD,BRAKE PUMP RR KUN25 7/8``,1
KBS TIMBER TRADING SDN BHD,"OIL SEAL RW KUN25 08`, KUN26 (OUT)",1
KBS TIMBER TRADING SDN BHD,"BEARING CONE RW KUN25 08`, GUN125 (42X58)",1
TS AUTOCAR SERVICE,"WATER PUMP GEN 2, BLM, FLX,  PERSONA, NEO, EXORA, PREVE, SAGA VVT, IRIZ",2
SIONG FATT GROUP SDN BHD,OIL FILTER KANCIL,1
SYARIKAT UNITED MOTOR SUPPLY,"CLUTCH PUMP LOW E1800, MAXI `P` 3/4``",1
SYARIKAT UNITED MOTOR SUPPLY,WATER JACKET 26MM,1
WELLSON AUTO SERVICE,D/S BOOT ALMERA (IN),2
WELLSON AUTO SERVICE,TIE ROD END AVANZA 1.3,1
WELLSON AUTO SERVICE,BEARING FW AVANZA (O),1
WELLSON AUTO SERVICE,ABS LINK FRT AVANZA 03`,1
WELLSON AUTO SERVICE,LONGSHAFT MTG AVANZA,1
WELLSON AUTO SERVICE,COUPLING AVANZA (29.5X78),1
WELLSON AUTO SERVICE,"ATF OIL HONDA ATF DW-1 1 LITRE *SWA, TMO, SNA, SNL, S5A, TAO,TRO,TOA",2
WELLSON AUTO SERVICE,BALL JOINT LOW SWA 06`,1
WELLSON AUTO SERVICE,"OIL FILTER T/H, V99, TERRANO",1
WELLSON AUTO SERVICE,"ARM BUSH RR KE70, TT132 (C), AVANZA, KEMBARA",2
WELLSON AUTO SERVICE,GEAR BOX NUT P/SG (18MM),2
WELLSON AUTO SERVICE,WASHER 18MM (ALM),2
WELLSON AUTO SERVICE,CRANKSHAFT SENSOR FRONTIER D22 (FLYWHEEL),1
TS AUTOCAR SERVICE,FAN BELT 3L (P/STG) 13X785,1
TS AUTOCAR SERVICE,FAN BELT 13X815,1
TS AUTOCAR SERVICE,TIMING KIT SET P/SG 12V,2
TS AUTOCAR SERVICE,WATER HOSE TOP P/SG 12V,1
TS AUTOCAR SERVICE,WATER HOSE LOW P/SG,1
TS AUTOCAR SERVICE,FAN BELT WIRA 1.5 (P/STG),2
TS AUTOCAR SERVICE,FAN BELT P/SG (ALT),2
TS AUTOCAR SERVICE,FAN BELT WIRA 1.5 (ALT),2
KBS TIMBER TRADING SDN BHD,"OIL SEAL PINION LN166, KDH200, KUN25, KUN26",1
TS AUTOCAR SERVICE,"BY PASS HOSE EXORA, PREVE, BLM FLX, SUPRIMA S (THERMOSTAT)",1
TS AUTOCAR SERVICE,"WATER PUMP PIPE O RING GEN 2, PERSONA (SILICON)",1
BAO MUDGUARD WORKSHOP,FAN BELT P/SG (ALT),1
K.S.POWER AUTOMOBIL SERVICE,"AIR FILTER LATIO, LIVINA , SYLPHY, ALMERA",1
KBS GREEN RESOURCES SDN BHD,"BEARING FW TROOPER V6, D-MAX",1
KBS GREEN RESOURCES SDN BHD,"WHEEL BOLT P/SG, WIRA (LONG) M14 X 12 X 1.5 X55L",1
KBS GREEN RESOURCES SDN BHD,WHEEL NUT 1.5M X 21MM (CHROME) LONG,1
TS AUTOCAR SERVICE,"CLIP THERMOSTAT GEN 2, BLM, NEO",2
TS AUTOCAR SERVICE,"THERMOSTAT WASHER GEN 2, BLM, PSN",2
F & I GARAGE,FAN BELT CRV 2.0 ALT,1
F & I GARAGE,BEARING RW KANCIL = FLY TRITON,1
WELLSON AUTO SERVICE,OIL FILTER HONDA,1
WELLSON AUTO SERVICE,"AIR FILTER TMO, TFO, FREED",1
WELLSON AUTO SERVICE,"FUEL FILTER FRONTIER D22, E25 URVAN 3.0 (LONG)",1
WELLSON AUTO SERVICE,FUEL FILTER FRONTIER D22 (SHORT),1
WELLSON AUTO SERVICE,"ATF OIL WS TOYOTA 4 LITRES ACV40, ASV50, NCP93, NCP150, ALTIS ZZE142,GGH20, MARK-X GRX120, GUN125",1
WELLSON AUTO SERVICE,"COOLANT LEXUS, TOYOTA 1 LITRE",3
WELLSON AUTO SERVICE,WIPER BLADE 21`` AXIA,1
WELLSON AUTO SERVICE,WIPER BLADE 16``,1
WELLSON AUTO SERVICE,"OIL FILTER PROTON X70, PASSAT 1.4,1.8, 2.0, AUDI 1.8 2.0, GOLF 5/6 1.8,2.0, V/W GTI (H14W30 HENGST, OC456 MAHLE, W719/45 MANN)",1
WELLSON AUTO SERVICE,"OXYGEN SENSOR VIVA 1.0, MYVI 1.0/1.3 (LONG)",1
KBS GREEN RESOURCES SDN BHD,WHEEL NUT 1.5M X 21MM (CHROME) LONG,10
TS AUTOCAR SERVICE,DRIVE SHAFT RH KANCIL (LONG),1
TS AUTOCAR SERVICE,DRIVE SHAFT LH KANCIL (SHORT),1
TS AUTOCAR SERVICE,OIL SEAL D/S KANCIL RH,1
TS AUTOCAR SERVICE,OIL SEAL D/S KANCIL LH,1
K.S.POWER AUTOMOBIL SERVICE,"ENG MTG RR LATIO, LIVINA, SYLPHY 2.0",1
TS AUTOCAR SERVICE,"OIL FILTER O RING KLS, KNR, MYVI, AVANZA (1 BIG, 1 SMALL)",3
STAR ASSIST CENTRE,FAN BELT WIRA 1.5 (P/STG),1
STAR ASSIST CENTRE,FAN BELT WIRA 1.5 (ALT),1
STAR ASSIST CENTRE,BEARING RW KANCIL = FLY TRITON,1
F & I GARAGE,"DUAL PUMP SYSTEM FLUID HONDA CRV DPSF-II 1 LITRES SWA,TOA",2
F & I GARAGE,FUEL HOSE 7MM,1
WELLSON AUTO SERVICE,WIPER TANK CAP MAZDA3,1
WELLSON AUTO SERVICE,HEAD LAMP BULB ACV40,1
WELLSON AUTO SERVICE,"OIL SEAL FLY KANCIL, KLS, KNR, VIVA 850, MYVI 1.0 (VITON)",1
WELLSON AUTO SERVICE,"BEARING FW KLS, KNR, VIVA, MYVI",1
WELLSON AUTO SERVICE,"OIL SEAL D/S KLS, KNR, MYVI, VIVA, ALZA (RH)",1
WELLSON AUTO SERVICE,"OIL SEAL D/S KLS, KNR, MYVI, VIVA, ALZA, AXIA (LH)",1
WELLSON AUTO SERVICE,"DRIVE SHAFT RH KNR, KLS, VIVA (LONG)",1
WELLSON AUTO SERVICE,"OIL SEAL D/S WAJA, MATRIX 1.8, GEN 2, PSN, BLM (ATM), NEO",1
WELLSON AUTO SERVICE,"OXYGEN SENSOR WIRA VDO, WAJA, GEN 2, PSN, BLM (SHORT WIRE)",1
WELLSON AUTO SERVICE,"DRIVE SHAFT LH KNR, KLS, VIVA (SHORT)",2
WELLSON AUTO SERVICE,WATER JACKET 30MM,1
WELLSON AUTO SERVICE,WATER HOSE TOP VIVA,1
WELLSON AUTO SERVICE,WATER HOSE LOW VIVA,1
WELLSON AUTO SERVICE,"BY PASS HOSE MYVI 1.3, ALZA, VIVA (SHORT)",1
WELLSON AUTO SERVICE,"BY PASS HOSE KLS, KNR (LONG)",1
WELLSON AUTO SERVICE,"BEARING CLUTCH KLS, KNR, MYVI 1.3, LB 1.5",1
WELLSON AUTO SERVICE,DRIVE SHAFT JOINT GREASE,1
WELLSON AUTO SERVICE,RACK END VIVA,1
WELLSON AUTO SERVICE,"TIE ROD END KANCIL, KLS, KNR, G11, VIVA",1
WELLSON AUTO SERVICE,"OIL SEAL D/S ALMERA, LIVINA, LATIO, T31, TEANA J32 L33, NV200, C26, SYLPHY",1
WELLSON AUTO SERVICE,"OIL SEAL D/S B13, B14, N16, Y10, A32, BLM (MTM)",1
WELLSON AUTO SERVICE,"STG BOOT P/SG, WIRA, WAJA, VIVA (PWR)",1
TECK KEONG SERVICE CENTRE,"WATER HOSE LOW GEN 2, PERSONA, BLM (ATM) PW826194",1
TECK KEONG SERVICE CENTRE,DISC PAD FRT NAVARA D40T,1
TS AUTOCAR SERVICE,"OIL SEAL D/S VIOS NCP42, NCP93 LH (VITON)",1
TS AUTOCAR SERVICE,"OIL SEAL D/S AE80, AE101, VIOS NCP42, NCP93 (RH)",1
SRI MAJU WORKSHOP,"BRAKE PUMP F/RH CANTER FE434, FE639 1 1/4`` (ADJ)",2
TS AUTOCAR SERVICE,"SPRING BUSH RR LN106, LH80 (S) NYLON",8
JS AUTO PARTS SDN BHD,BRAKE FLUID DOT 4 (SMALL),1
WELLSON AUTO SERVICE,"DRIVE SHAFT RH MYVI LB 1.5 11`, BEZZA 1.3 (LONG)",1
WELLSON AUTO SERVICE,"CLUTCH PUMP LOW WAJA, GEN 2, PSN 13/16``",1
WELLSON AUTO SERVICE,"VALVE COVER GSK PSN CPS, WAJA CPS, EXORA CPS (SQUARE)",1
WELLSON AUTO SERVICE,"PLUG CABLE EXORA CPS, EXORA BOLD, PREVE, BLM FLX, PSN CPS (LONG) = GEN 2, WAJA CAMPRO, PSN, BLM",1
WELLSON AUTO SERVICE,"BEARING RW BLM, FL, AVEO, IRIZ",1
WELLSON AUTO SERVICE,"BRAKE PUMP RR BLM, SAVVY 11/16``",1
WELLSON AUTO SERVICE,"TIMING KIT SET KLS, KNR, MYVI 1.0, KANCIL 850 02`, VIVA 850 1.0",1
WELLSON AUTO SERVICE,"WATER PUMP KLS, KNR, VIVA, MYVI 1.0",1
WELLSON AUTO SERVICE,"PLUG O RING VIVA, MYVI 1.0, ALTIS",3
WELLSON AUTO SERVICE,"VALVE COVER GSK MYVI 1.0, VIVA 1.0 850",1
WELLSON AUTO SERVICE,FAN BELT 9.5X740 VIVA,1
WELLSON AUTO SERVICE,"FAN BELT KLS, KNR, VIVA, MYVI 1.0 (ALT) 4PK715",1
HOE LI MOTOR TRADING (M) SDN BHD,BEARING CLUTCH V57,1
HOE LI MOTOR TRADING (M) SDN BHD,"BEARING FLY LN106, KUN25, V57",1
HOE LI MOTOR TRADING (M) SDN BHD,OIL SEAL FLY V57 (VITON),1
HOE LI MOTOR TRADING (M) SDN BHD,GEAR OIL LUBRIMAXX  SAE90 GL4 4L,1
HOE LI MOTOR TRADING (M) SDN BHD,"OIL SEAL FW V57, V99",1
HOE LI MOTOR TRADING (M) SDN BHD,WHEEL BOLT F/LH V58,1
HOE LI MOTOR TRADING (M) SDN BHD,OIL SEAL MAIN V57 (LH),1
F & I GARAGE,"OIL SEAL FLY P/SG, WIRA, GEN 2, WAJA, PSN, NEO (VITON)",1
HOE LI MOTOR TRADING (M) SDN BHD,"OIL SEAL FW V57, V99",1
HOE LI MOTOR TRADING (M) SDN BHD,FAN BELT,1
SK CAR AIRCOND & SERVICES,"WATER PUMP B13, B14, C23 1.6, Y10",1
SRI MAJU WORKSHOP,BRAKE PUMP F/RH YU41 1 1/8`` (ADJ),1
SRI MAJU WORKSHOP,BRAKE PUMP R/LH HICOM MTB150DX 1``,2
SRI MAJU WORKSHOP,"OIL SEAL RW NPR, HICOM 4.3 OUT",1
JT CAR SERVICE CENTRE SDN BHD,OIL SEAL BLM FLX (ATM CONVERTER),1
JT CAR SERVICE CENTRE SDN BHD,"VALVE COVER GSK BLM, FLX, PSN, EXR BOLD, PREVE, IRIZ",1
SIONG FATT GROUP SDN BHD,DRIVE SHAFT JOINT GREASE,1
WELLSON AUTO SERVICE,FORTE 1.6 6SPD DRIVE SHAFT LH,1
WELLSON AUTO SERVICE,"D/S BOOT KLS, KNR, VIVA, TMO, AXIA, BEZZA 1.0 (IN)",2
WELLSON AUTO SERVICE,FUEL FILTER UNSER 1.8,1
WELLSON AUTO SERVICE,FUEL TANK UNSER,1
WELLSON AUTO SERVICE,"OIL SEAL FLY KANCIL, KLS, KNR, VIVA 850, MYVI 1.0 (VITON)",1
WELLSON AUTO SERVICE,"OIL SEAL D/S KLS, KNR, MYVI, VIVA, ALZA (RH)",1
WELLSON AUTO SERVICE,"OIL SEAL D/S KLS, KNR, MYVI, VIVA, ALZA, AXIA (LH)",1
WELLSON AUTO SERVICE,"LONGSHAFT MTG KUN25, INNOVA",1
SK CAR AIRCOND & SERVICES,WATER PUMP PIPE B14,1
F & I GARAGE,TOP SET SV4 CARBON,1
SK CAR AIRCOND & SERVICES,PVC VALVE BUSH LASER,1
SIONG FATT GROUP SDN BHD,"WHEEL BOLT P/SG, WIRA (SHORT) M14X12X1.5MX45L",1
SRI MAJU WORKSHOP,"FAN BELT LATIO 1.8, LIVINA 1.8, SYLPHY 2.0 (6PK1205)",1
SRI MAJU WORKSHOP,"ENG MTG RR LATIO, LIVINA, SYLPHY 2.0",1
SRI MAJU WORKSHOP,THROTTLE BODY HOSE WIRA 1.5,2
TS AUTOCAR SERVICE,WIPER TANK MOTOR WAJA,1
SHK ENGINEERING WORKSHOP,BEARING,1
SYARIKAT UNITED MOTOR SUPPLY,THERMOSTAT HOUSING UNSER KF80,1
TECK KEONG SERVICE CENTRE,"VALVE COVER GSK BLM, FLX, PSN, EXR BOLD, PREVE, IRIZ",1
TS AUTOCAR SERVICE,"AUTO FILTER SET ACR30, ACU30, ACV30, ACV41, MCU15, MCR30, MNH10",1
TS AUTOCAR SERVICE,"OIL SEAL D/S ACR30, ACV30, ACR50 RH",1
TS AUTOCAR SERVICE,"OIL SEAL D/S ACR30, ACV30, ACR50 LH",1
KBS TIMBER TRADING SDN BHD,FUEL FILTER MAXI,1
WELLSON AUTO SERVICE,VALVE COVER GSK WAJA 1.6 4G18,1
WELLSON AUTO SERVICE,PLUG O RING WAJA,4
WELLSON AUTO SERVICE,BLACK TAPE,2
WELLSON AUTO SERVICE,"WATER PUMP PIPE NAZA RIA, CARNIVAL (BIG LONG)",1
WELLSON AUTO SERVICE,WATER HOSE TOP NAZA RIA,1
WELLSON AUTO SERVICE,"ABS F/RH FORTE 1.6, 2.0 54661-1M000",1
WELLSON AUTO SERVICE,"ABS F/LH FORTE 1.6, 2.0 (2H000)",1
WELLSON AUTO SERVICE,ABS COVER FRT FORTE,2
WELLSON AUTO SERVICE,"BEARING FW KLS, KNR, VIVA, MYVI",1
WELLSON AUTO SERVICE,TIMING KIT SET WIRA 1.6,1
SRI MAJU WORKSHOP,FAN BELT P/SG (P/STG) 13X575,1
SRI MAJU WORKSHOP,FAN BELT 12.5 X 750,1
SRI MAJU WORKSHOP,FAN BELT P/SG (ALT),1
SRI MAJU WORKSHOP,FUEL FILTER HINO DUTRO 300 (23304-78090),1
TS AUTOCAR SERVICE,DRIVE SHAFT JOINT GREASE,2
WELLSON AUTO SERVICE,"OIL SEAL D/S WAJA, MATRIX 1.8, GEN 2, PSN, BLM (ATM), NEO",2
WELLSON AUTO SERVICE,"*NEW PRICE* ATF OIL HYUNDAI SP-IV 1 LITRE (6 SPEED) FORTE, SANTAFE 11`, SONATA YF, TUCSON 13` SORENTO 2.4",4
WELLSON AUTO SERVICE,"CRANKSHAFT PULLEY P/SG 12V, VDO (NO RUBBER)",1
SYARIKAT UNITED MOTOR SUPPLY,FAN BELT 9.5X900,1
SYARIKAT UNITED MOTOR SUPPLY,"FAN BELT 3L (ALT), HICOM 4.3 13X990",1
SYARIKAT UNITED MOTOR SUPPLY,FAN BELT 13X890,1
F & I GARAGE,BULB H4 12V 60/55W,1
F & I GARAGE,"WATER PUMP PIPE O RING SM4, SV4, S10",2
F & I GARAGE,STOPPER 15MM,2
SRI MAJU WORKSHOP,"FAN BELT 3L (ALT), HICOM 4.3 13X990",2
TECK KEONG SERVICE CENTRE,CLIP WIPER PANEL WIRA (LONG),10
K TWO CAR ELECTRICAL SERVICES,"UPPER ARM LH KUN25, GUN125, FORTUNER TGN51 (6 MONTHS WARRANTY)",1
K TWO CAR ELECTRICAL SERVICES,ABS LINK F/RH KUN25,1
K TWO CAR ELECTRICAL SERVICES,ABS LINK F/LH KUN25,1
TS AUTOCAR SERVICE,*NEW PRICE* ATF OIL MAZDA FZ 1 LITER (SKY ACTIVE ENGINE),5
SRI MAJU WORKSHOP,OIL SEAL FLY NHR (VITON),1
TS AUTOCAR SERVICE,DISC PAD RR N16 1.8,1
F & I GARAGE // WAJA,"OIL SEAL FLY P/SG, WIRA, GEN 2, WAJA, PSN, NEO (VITON)",1
F & I GARAGE // WAJA,"OIL SEAL ATM P/SG, WIRA, WAJA, PERDANA, GEN 2, PSN, CITRA, NAZA RIA, TRITON, CARNIVAL 02`",1
F & I GARAGE // WAJA,"OIL SEAL D/S WAJA, MATRIX 1.8, GEN 2, PSN, BLM (ATM), NEO",2
F & I GARAGE // WAJA,BY PASS HOSE P/SG (U),1
F & I GARAGE // WAJA,ATF OIL HONCHI DEXTRON III 1 LITRE,2
F & I GARAGE // WAJA,"AUTO FILTER SET WAJA, BLM, GEN 2, EXORA",1
F & I GARAGE // WAJA,"ABS LINK FRT WAJA, GEN 2, PSN",1
F & I GARAGE // WAJA,OIL SWITCH P/SG,1
SIONG FATT GROUP SDN BHD,CLIP D/S BOOT (B),1
SIONG FATT GROUP SDN BHD,CLIP D/S BOOT (S),1
SIONG FATT GROUP SDN BHD,DRIVE SHAFT JOINT GREASE,1
WELLSON AUTO SERVICE,WHITE TAPE,5
WELLSON AUTO SERVICE,"DRIVE SHAFT RH KEMBARA, KBR DVVT (LONG)",1
WELLSON AUTO SERVICE,BY PASS HOSE RIA 0K55W-13690,1
WELLSON AUTO SERVICE,BY PASS HOSE RIA 0K566-15181,1
WELLSON AUTO SERVICE,WATER PUMP PIPE NAZA RIA (0K566-15-18XA),1
WELLSON AUTO SERVICE,PWR STG FLUID HONDA 1 LITRE,1
WELLSON AUTO SERVICE,BY PASS HOSE RIA (LONG) 80025-61B14,1
TECK KEONG SERVICE CENTRE,"ABS LINK F/RH MYVI, LB",1
TECK KEONG SERVICE CENTRE,"ABS LINK F/LH MYVI, LB",1
F & I GARAGE,BEARING RW WIRA,1
SK CAR AIRCOND & SERVICES,PWR STG FLUID HONDA 1 LITRE,5
SK CAR AIRCOND & SERVICES,PWR WINDOW GEAR R/RH WIRA 01` (SQUARE),1
SK CAR AIRCOND & SERVICES,PWR WINDOW MOTOR RH WIRA 02` (SQUARE),1
SK CAR AIRCOND & SERVICES,PWR WINDOW SWITCH WIRA (MAIN) (PW539247),1
WELLSON AUTO SERVICE,"BODY PUMP P/SG, WIRA, GEN 2, PERSONA, BLM",1
WELLSON AUTO SERVICE,"OIL FILTER N16, C24, TEANA, ALMERA",1
WELLSON AUTO SERVICE,"ATF OIL NISSAN MATIC S 1 LITRE ALMERA , NAVARA NP300 D23T",2
WELLSON AUTO SERVICE,CABIN FILTER ALMERA,1
WELLSON AUTO SERVICE,"DISC PAD FRT ACR30 01`, MCR30 01`, HARRIER 98` SXU10 MCU10",1
WELLSON AUTO SERVICE,"SPARK PLUG ALTIS 10` 1.8, WISH ZRE142 ZRE172, MYVI 17` D20N, BEZZA 1.3, ARUZ, NSP151 (SC16HR11)",1
WELLSON AUTO SERVICE,"GEAR LEVEL CABLE BUSH MYVI, ALZA, TYT, RANGER T6",1
F & I GARAGE,"BEARING FLY PJR , HONDA",1
F & I GARAGE,"DISC ROTOR FRT WAJA 1.6, PDN, V6",1
F & I GARAGE,OIL SEAL CLUTCH SM4,1
F & I GARAGE,OIL SEAL GEAR LEVEL HONDA,1
TS AUTOCAR SERVICE,PW812473 CLUTCH PUMP TUBE,1
TECK KEONG SERVICE CENTRE,"PLUG O RING VIVA, MYVI 1.0, ALTIS",3
TECK KEONG SERVICE CENTRE,"FAN BELT KLS, KNR, VIVA, MYVI 1.0 (ALT) 4PK715",1
TECK KEONG SERVICE CENTRE,FAN BELT 9.5X740 VIVA,1
TS AUTOCAR SERVICE,"D/S BOOT MYVI, ALZA, BLM, AXIA, BEZZA, ALMERA (OUT)",1
RESHENG TRADING,"FUEL FILTER NPR PRO 4JJ1, 4HK1 (PAPER)",1
JT CAR SERVICE CENTRE SDN BHD,"OIL SEAL D/S SR4, SM4, SO4,TMO (LH)",1
JT CAR SERVICE CENTRE SDN BHD,"OIL SEAL D/S S9A, SWA, S7A, TMO, T2A, TAO (RH)",1
TS AUTOCAR SERVICE,STG RACK BUSH ALTIS ZZE121 RH,1
TS AUTOCAR SERVICE,STG RACK BUSH ALTIS ZZE121 RH,1
SRI MAJU WORKSHOP,"D/S BOOT SM4, SV4, RIA (IN)",2
WELLSON AUTO SERVICE,"OUTPUT SENSOR WAJA, GEN 2, EXORA, PSN, BLM (FOR CPS ENG)",1
WELLSON AUTO SERVICE,"TIMING KIT SET GEN 2, PSN, BLM, EXORA, NEO, WAJA CAMPRO",1
WELLSON AUTO SERVICE,"WATER PUMP GEN 2, BLM, FLX,  PERSONA, NEO, EXORA, PREVE, SAGA VVT, IRIZ",1
WELLSON AUTO SERVICE,PLUG IN FUSE 20A,1
WELLSON AUTO SERVICE,"FUEL FILTER WAJA 1.6, GEN 2, BLM, SAVVY",1
F & I GARAGE,"CLUTCH PUMP TOP SR4, SO4 5/8``",1
SRI MAJU WORKSHOP,"TIE ROD END P/SG, WIRA, WAJA, GEN 2",1
SOON YEE TYRE SERVICE,FAN BELT KANCIL ALT 9.5X775,1
DK AUTOPARTS & SERVICE SDN BHD,"ACC PEDAL KUN25, INNOVA, FORTUNER",1
DK AUTOPARTS & SERVICE SDN BHD,WATER PUMP TRP,1
DK AUTOPARTS & SERVICE SDN BHD,"TIMING KIT SET TROOPER 4ZC1 , 4ZD1",1
DK AUTOPARTS & SERVICE SDN BHD,ENG OIL HONDA 0W20 SP 4 LITRES (FULLY SYNTHETIC),1
DK AUTOPARTS & SERVICE SDN BHD,T/LID HANDLE RANGER (BLACK),1
DK AUTOPARTS & SERVICE SDN BHD,BRAKE FLUID DOT 4 BOSCH 1 LITRE,5
TECK KEONG SERVICE CENTRE,"OIL SEAL FLY P/SG, WIRA, GEN 2, WAJA, PSN, NEO (VITON)",1
TECK KEONG SERVICE CENTRE,"GREASE CAP WIRA, FLX (50MM)",1
TECK KEONG SERVICE CENTRE,FAN BELT MYVI 1.3 LB 11` (4PK1630),1
WELLSON AUTO  SERVICE,"SUSP ROD KIT P/SG, WIRA (WHITE NYLON)",2
WELLSON AUTO  SERVICE,"TIE ROD END P/SG, WIRA, WAJA, GEN 2",1
WELLSON AUTO  SERVICE,"VALVE COVER HOSE KLS, KNR (LONG) --> AIR FILTER",1
WELLSON AUTO  SERVICE,VACCUM HOSE 3.5MM,2
WELLSON AUTO  SERVICE,"OIL SEAL D/S P/SG, WIRA, PDN",1
WELLSON AUTO  SERVICE,DRIVE SHAFT JOINT GREASE,1
WELLSON AUTO  SERVICE,CLIP D/S BOOT (B),1
WELLSON AUTO  SERVICE,CLIP D/S BOOT (S),1
WELLSON AUTO  SERVICE,"D/S BOOT WIRA, WAJA (OUT)",1
WELLSON AUTO  SERVICE,D/S BOOT WIRA 1.6 (IN),1
WELLSON AUTO  SERVICE,"DISC PAD RR X-TRAIL T30 T32, TEANA J32, L33L, SERENA C24 C26L, MURANO Z50 Z51",1
TS AUTOCAR SERVICE,"WIPER BLADE RR 12`` ALZA,AXIA,INNOVA,ACR50",1
SK CAR AIRCOND & SERVICES,BUMPER RR SV4 96~98,1
AU WAH WORKSHOP,"BRAKE PUMP F/RH V99, V58 1 1/4`` (NO ADJ)",1
AU WAH WORKSHOP,"BRAKE PUMP F/LH V99, V58 1 1/4`` (ADJ)",1
AU WAH WORKSHOP,"BRAKE PUMP F/LH V99, V58 1 1/4`` (NO ADJ)",1
F & I GARAGE,STOPPER 15MM,1
TECK KEONG SERVICE CENTRE,"OIL SEAL D/S P/SG, WIRA, PDN",2
BAO MUDGUARD WORKSHOP,"OIL FILTER SAFARI, CABSTAR",1
WELLSON AUTO SERVICE,"ARM RR WAJA, GEN 2, PSN L=R (LONG)",2
WELLSON AUTO SERVICE,"ALIGHTMENT BOLT RR WIRA, WAJA, GEN 2, PSN",2
WELLSON AUTO SERVICE,"ARM R/RH WIRA 1.6, WAJA, GEN 2, PSN, PREVE (B)",1
WELLSON AUTO SERVICE,"ARM R/LH WIRA 1.6, WAJA, GEN 2, PSN, PREVE (B)",1
WELLSON AUTO SERVICE,BRAKE PUMP RR P/SG 12V 3/4``,1
WELLSON AUTO SERVICE,COIL SPRING RUBBER WIRA RR 1 1/2``,2
WELLSON AUTO SERVICE,"ABS COVER RR WIRA, WAJA",1
WELLSON AUTO SERVICE,"OIL SEAL D/S KLS, KNR, MYVI, VIVA, ALZA, AXIA (LH)",1
WELLSON AUTO SERVICE,"BRAKE SWITCH AXIA, BEZZA, MYVI D20N, ALZA 12`, ARUZ, ATIVA ( 4PIN )",1
WELLSON AUTO SERVICE,BEARING RW KANCIL = FLY TRITON,1
WELLSON AUTO SERVICE,"OIL SEAL CAM KLS, KNR, VIVA/ BLM FLX (ATM CONVERTER)",1
WELLSON AUTO SERVICE,"OIL SEAL TIMING AE80, AE101, KUN25, KANCIL (VITON)",1
TS AUTOCAR SERVICE,WATER PUMP WAJA 1.6,1
TS AUTOCAR SERVICE,D/S BOOT NEO (IN),1
TS AUTOCAR SERVICE,D/S BOOT P/SG (IN/OUT),2
F & I GARAGE,BEARING RW KANCIL = FLY TRITON,1
TECK KEONG SERVICE CENTRE,FAN BELT 13X825,1
TS AUTOCAR SERVICE,GEAR LEVEL CABLE C22 PICKUP (RH) REV,1
TECK KEONG SERVICE CENTRE,WIPER ARM LH WIRA,1
TECK KEONG SERVICE CENTRE,PWR WINDOW GEAR F/RH WIRA (TIGA SEGI),1
TECK KEONG SERVICE CENTRE,STAB BUSH FRT P/SG (14MM),2
WELLSON AUTO SERVICE,ABS RR TUCSON KYB,2
WELLSON AUTO SERVICE,ABS COVER FRT SONATA YF,2
WELLSON AUTO SERVICE,"SPARE TANK NPR, HICOM 4.3",1
WELLSON AUTO SERVICE,"STAB BUSH FRT S9A, S7A (27MM)",2
WELLSON AUTO SERVICE,"TIMING KIT SET GEN 2, PSN, BLM, EXORA, NEO, WAJA CAMPRO",1
WELLSON AUTO SERVICE,"WATER PUMP GEN 2, BLM, FLX,  PERSONA, NEO, EXORA, PREVE, SAGA VVT, IRIZ",1
WELLSON AUTO SERVICE,"ABS BUSH RR SR4, SO4, S10",2
WELLSON AUTO SERVICE,"ATF OIL HONDA ATF DW-1 1 LITRE *SWA, TMO, SNA, SNL, S5A, TAO,TRO,TOA",4
K.S.POWER AUTOMOBIL SERVICE,"STAB BUSH LH GSR50, MHH10, GGH20",1
WELLSON AUTO SERVICE,AUTO FILTER SET GUN125,1
TS AUTOCAR SERVICE,OIL SEAL D/S KANCIL LH,1
SRI MAJU WORKSHOP,"D/S BOOT VIOS NCP42, NCP93 (IN)",2
SRI MAJU WORKSHOP,"LOWER ARM RH VIOS NCP93 , YARIS (6 MONTHS WARRANTY)",1
SRI MAJU WORKSHOP,"LOWER ARM LH VIOS NCP93 , YARIS (6 MONTHS WARRANTY)",1
SRI MAJU WORKSHOP,"D/S BOOT AE92, ALTIS (OUT)",1
NNO SERVICE,GUM W/S SEALANT,2
SRI MAJU WORKSHOP,"AIR FILTER NHR, NPR, YU41, HICOM 4.3",1
WELLSON AUTO SERVICE //  PJR,"SUSP ROD KIT PAJERO, TRP",2
WELLSON AUTO SERVICE //  PJR,SPRING BUMPER FRT PAJERO (LOW),1
WELLSON AUTO SERVICE //  PJR,"COUPLING PAJERO, CANTER, V99 (30X86)",1
WELLSON AUTO SERVICE //  PJR,BALL JOINT LOW PAJERO L049,2
WELLSON AUTO SERVICE //  PJR,"C.V.JOINT PJR V6, STORM (25X56X28)",2
WELLSON AUTO SERVICE //  PJR,"OIL FILTER PJR, STORM",1
WELLSON AUTO SERVICE //  PJR,CLIP D/S BOOT (B),1
WELLSON AUTO SERVICE //  PJR,CLIP D/S BOOT (S),1
WELLSON AUTO SERVICE //  PJR,"TIE ROD END PJR V6, STORM (OUT)",1
WELLSON AUTO SERVICE //  PJR,UPPER ARM PAJERO,2
WELLSON AUTO SERVICE //  PJR,OIL SEAL FW PAJERO,1
WELLSON AUTO SERVICE //  PJR,"BEARING FW LN106, LN65, PJR, SPORTAGE, RANGER, KIA CERES",2
SYARIKAT UNITED MOTOR SUPPLY,COPPER WASHER 11MM,2
F & I GARAGE,"CLUTCH PUMP LOW WIRA, PERDANA 13/16``",1
SIONG FATT GROUP SDN BHD,"OIL SEAL ATM SEL, TMO, T9A, S10, SWA, SDA, TAO, SNA, HRV T7A (RH LINE)",1
WELLSON AUTO SERVICE,ABS LINK RR TUCSON,2
WELLSON AUTO SERVICE,STAB BUSH RR TUCSON,2
WELLSON AUTO SERVICE,"V-TEC O RING SNA 1.8, TAO, SWA, HRV, SMA, T7A",1
WELLSON AUTO SERVICE,"OIL FILTER 120Y, B11, C22",1
WELLSON AUTO SERVICE,STARTER SUBARU IMPREZA,1
WELLSON AUTO SERVICE,"STAB BUSH FRT TUCSON IX35 2.0 2.4 10-14`, SPORTAGE SL 10-14`",2
SYARIKAT UNITED MOTOR SUPPLY,ABS LINK F/LH GETZ,1
SYARIKAT UNITED MOTOR SUPPLY,"ATM GSK VIOS, ALTIS",1
YONG AUTO ENGINEERING,"DISC PAD FRT VIOS NCP93, YARIS, ALZA 13` (DRUM)",1
F & I GARAGE,GEAR LEVEL BUSH KANCIL (RUBBER),1
F & I GARAGE,"WIPER BLADE BLM, SYLPHY, MYVI LB",1
TS AUTOCAR SERVICE,"OIL SEAL D/S KLS, KNR, MYVI, VIVA, ALZA, AXIA RH",1
TS AUTOCAR SERVICE,"OIL SEAL D/S KLS, KNR, MYVI, VIVA, ALZA, AXIA (LH)",1
TS AUTOCAR SERVICE,"OIL SEAL ATM KANCIL, KLS, KNR, VIVA 850, MYVI 1.3, LB 1.3, AVANZA 1.3, KEMBARA",1
CHUAN HOONG ENGINEERING WORKSHOP,"OIL FILTER NAVARA D40T, D23, E26 NV350",1
SRI MAJU WORKSHOP,OIL FILTER CANTER 4D31,1
SRI MAJU WORKSHOP,"OIL FILTER TROOPER, CANTER 4X4",1
SRI MAJU WORKSHOP,BEARING RW KANCIL = FLY TRITON,1
TS AUTOCAR SERVICE,"OIL SEAL D/S KLS, KNR, MYVI, VIVA, ALZA, AXIA (LH)",1
TS AUTOCAR SERVICE,"OIL SEAL CAM AE80,EE80, AE101 // MYVI 1.3, ALZA, AVANZA 1.3 1.5, RUSH=TIMING (VITON)",1
TS AUTOCAR SERVICE,"D/S BOOT MYVI LB, ALZA, LIVINA (IN)",1
WELLSON AUTO SERVICE,"GEAR LEVEL CABLE BUSH MYVI, ALZA, TYT, RANGER T6",1
WELLSON AUTO SERVICE,"BEARING CONE RW KUN25 08`, GUN125 (42X58)",1
WELLSON AUTO SERVICE,"OIL SEAL RW KUN25 08`, KUN26 (OUT)",1
WELLSON AUTO SERVICE,"COUPLING PRADO, HZJ45 (32X92) UJ-234 MT",1
WELLSON AUTO SERVICE,"VALVE COVER GSK PSN CPS, WAJA CPS, EXORA CPS (SQUARE)",1
WELLSON AUTO SERVICE,"OIL SEAL TIMING P/SG, GEN 2",1
WELLSON AUTO SERVICE,OIL SEAL CAM GEN 2,2
WELLSON AUTO SERVICE,CYL HEAD HOUSING PIPE M9 (L-SHAPE),2
WELLSON AUTO SERVICE,CABLE TIE 12``,100
TECK KEONG SERVICE CENTRE,"LOWER ARM LH WAJA, GEN 2, PSN (6 MONTHS WARRANTY)",1
TECK KEONG SERVICE CENTRE,"DRIVE SHAFT RH WAJA, GEN 2 (LONG)",1
WORLD PARADE SDN BHD,OIL SEAL TIMING FRONTIER (VITON),1
WORLD PARADE SDN BHD,WATER JACKET 30MM,3
WORLD PARADE SDN BHD,WATER JACKET 40MM,3
WORLD PARADE SDN BHD,"CLUTCH DISC FRONTIER, NAVARA, HICOM, D-MAX 10``",1
WORLD PARADE SDN BHD,BEARING CLUTCH FRONTIER D22,1
WORLD PARADE SDN BHD,ENG OIL LUBRIMAXX PERFORMAX 15W40 CH4/SL 7 LITRES,1
WORLD PARADE SDN BHD,OIL FILTER FRONTIER D22,1
WORLD PARADE SDN BHD,GUM GSK SILICONE (GREY),1
WORLD PARADE SDN BHD,GEAR OIL LUBRIMAXX  SAE90 GL4 4L,2
WORLD PARADE SDN BHD,GEAR OIL LUBRIMAXX LIMITED SLIP 90 4 LITRES,1
WORLD PARADE SDN BHD,BOLT M8X25,8
TECK KEONG SERVICE CENTRE,"BRAKE SHOE RR KANCIL, KLS, KNR",2
CHUAN HOONG ENGINEERING WORKSHOP,FAN BELT TRITON 2.5,1
WELLSON AUTO SERVICE,"OIL NUT KANCIL, SJ410",1
DK AUTOPARTS & SERVICE SDN BHD,"ABS FRT KUN25, KUN26, FORTUNER, GUN125, GUN126, GUN135 09K60,09J90,09440",2
DK AUTOPARTS & SERVICE SDN BHD,"TIE ROD END KUN25, FORTUNER TGN51",1
DK AUTOPARTS & SERVICE SDN BHD,"RACK END KUN25, INNOVA",2
DK AUTOPARTS & SERVICE SDN BHD,"BALL JOINT TOP KUN25, INNOVA, GUN125",2
DK AUTOPARTS & SERVICE SDN BHD,"BALL JOINT LOW KUN25, INNOVA, GUN125",2
DK AUTOPARTS & SERVICE SDN BHD,STG RACK BUSH LH MAXI,1
DK AUTOPARTS & SERVICE SDN BHD,STG RACK BUSH RH MAXI,1
DK AUTOPARTS & SERVICE SDN BHD,STG RACK MAXI,1
DK AUTOPARTS & SERVICE SDN BHD,"ABS MTG FRT ALTIS 98`-07` ZZE121 ZZE122, WISH ZNE10 ANE10",2
F & I GARAGE,"OIL SEAL FLY SM4, SO4, SX8",1
F & I GARAGE,"BEARING FLY PJR , HONDA",1
F & I GARAGE,OIL SEAL GEAR LEVEL HONDA,1
F & I GARAGE,"BEARING RW MYVI D20N 17` , BEZZA 17'",1
SYARIKAT UNITED MOTOR SUPPLY,"CAP SEAL KANCIL, KLS, VIVA 850",1
SHK ENGINEERING WORKSHOP,ENG OIL LUBRIMAXX TROPHY 20W50 SH/CD 4 LITRES,1
SHK ENGINEERING WORKSHOP,"OIL FILTER TOYOTA, SWIFT",1
SHK ENGINEERING WORKSHOP,"CLUTCH PUMP LOW KM36, UNSER, YH80 13/16``",1
SHK ENGINEERING WORKSHOP,"AIR FILTER LH80, RUSA, UNSER, LY100 (17801-54070, 17801-05020)",1
SIONG FATT GROUP SDN BHD,"BEARING CLUTCH 3L, LN106, LH113",1
TS AUTOCAR SERVICE,"BRAKE SHOE RR LATIO 1.8, LIVINA 1.6, 1.8",1
TS AUTOCAR SERVICE,"FAN BELT LATIO 1.6, LIVINA 1.6, NV200 (7PK1140)",1
F & I GARAGE // kancil,"OIL PUMP O RING KANCIL, KLS, KNR, VIVA, MYVI 1.0",1
F & I GARAGE // kancil,OIL SEAL CAM KANCIL,1
F & I GARAGE // kancil,"OIL SEAL TIMING AE80, AE101, KUN25, KANCIL (VITON)",2
F & I GARAGE // kancil,"AUTO FILTER SET KANCIL, KLS, KNR, VIVA",1
F & I GARAGE // kancil,"OIL SEAL ATM KANCIL, KLS, KNR, VIVA 850, MYVI 1.3, LB 1.3, AVANZA 1.3, KEMBARA",1
F & I GARAGE // kancil,"OIL SEAL FLY KANCIL, KLS, KNR, VIVA 850, MYVI 1.0 (VITON)",1
F & I GARAGE // kancil,ATF OIL PERODUA DEXRON-III 1 LITRE,4
F & I GARAGE // kancil,ENG OIL PERODUA 10W30 3 LITRES,1
F & I GARAGE // kancil,DIST KANCIL (NEW),1
F & I GARAGE,"OIL PAN GSK CRV S10, SR4 T/C B16A",1
SHK ENGINEERING WORKSHOP,"OIL SEAL KIT RW V58, V99 (70X112X14/20, 55X101X4.7)",2
SHK ENGINEERING WORKSHOP,"AXLE WASHER RR V26, V58, V99",1
SHK ENGINEERING WORKSHOP,"BEARING FW V57, V99, NHR (OUT)",2
SHK ENGINEERING WORKSHOP,"OIL SEAL FW V57, V99",2
SHK ENGINEERING WORKSHOP,AXLE NUT RR V99,1
SHK ENGINEERING WORKSHOP,"BEARING FW V57, V99 (INNER), NHR RW",1
WELLSON AUTO SERVICE,ABS SENSOR F/RH EXORA,1
WELLSON AUTO SERVICE,"BY PASS HOSE GEN 2, PSN, BLM, FLX, NEO (LONG)",1
WELLSON AUTO SERVICE,WHITE TAPE,5
WELLSON AUTO SERVICE,BLACK TAPE,3
WELLSON AUTO SERVICE,OIL FILTER FRONTIER D22,1
WELLSON AUTO SERVICE,VALVE COVER GSK FRONTIER D22,1
WELLSON AUTO SERVICE,TIMING COVER GSK FRONTIER (RUBBER),1
WELLSON AUTO SERVICE,FUEL HOSE 5MM,1
CHUAN HOONG ENGINEERING WORKSHOP,ATF OIL MIT SP-III (MADE IN JAPAN) 4L,1
AMAN WAJAR WORKSHOP,DRAG LINK HICOM MTB140 28``,1
SEONG GONG 2020 TRADING **,DISC ROTOR FRT SWIFT 04` 1.5 RS415,1
SEONG GONG 2020 TRADING **,09.A185.11 PG 408 1.6 FRT DISC ROTOR,2
SEONG GONG 2020 TRADING **,08.A858.17 PG408 1.6 RR DISC ROTOR,2
SEONG GONG 2020 TRADING **,L54005 DOT 4 BRAKE FLUID 500ML,12
TS AUTOCAR SERVICE,FUEL TANK HOSE WIRA (B),1
TS AUTOCAR SERVICE,DRIVE SHAFT JOINT GREASE,2
SOON YEE TYRE SERVICE,OIL SEAL KIT FW WIRA,1
DK AUTOPARTS & SERVICE SDN BHD,"BEARING FW LATIO, LIVINA",1
DK AUTOPARTS & SERVICE SDN BHD,"LOWER ARM RH LATIO, LIVINA, SYLPHY (6 MONTHS WARRANTY)",1
DK AUTOPARTS & SERVICE SDN BHD,"LOWER ARM LH LATIO, LIVINA, SYLPHY (6 MONTHS WARRANTY)",1
DK AUTOPARTS & SERVICE SDN BHD,WATER HOSE TOP HICOM 4.3,1
DK AUTOPARTS & SERVICE SDN BHD,WATER HOSE LOW HICOM 4.3,1
DK AUTOPARTS & SERVICE SDN BHD,WATER PUMP HOSE HICOM 4.3,1
DK AUTOPARTS & SERVICE SDN BHD,DOOR GLASS R/RH MYVI LB,1
F & I GARAGE // KEMBARA G.BOX,BEARING,1
F & I GARAGE // KEMBARA G.BOX,BEARING,1
F & I GARAGE // KEMBARA G.BOX,BEARING,1
F & I GARAGE // KEMBARA G.BOX,BEARING RW KANCIL (INNER),1
F & I GARAGE // KEMBARA G.BOX,BEARING G.BOX,1
F & I GARAGE // KEMBARA G.BOX,OIL SEAL G.BOX KBR (RR),1
F & I GARAGE // KEMBARA G.BOX,OIL SEAL MAIN KBR DVVT (VITON),1
F & I GARAGE // KEMBARA G.BOX,"OIL SEAL BAL PJR, PERDANA, CLUTCH P/SG (RH LINE)",1
F & I GARAGE // KEMBARA G.BOX,"BEARING CLUTCH KBR, RUSA, G100, AVANZA, VIVA 660 850",1
F & I GARAGE // KEMBARA G.BOX,"OIL SEAL FLY S89, KBR, RUSA (VITON)",1
